SQ_CANDIDATO,ANO_ELEICAO,SG_UE,NM_UE,CD_CARGO,DS_CARGO,NM_CANDIDATO,CD_GENERO,DS_GENERO,CD_GRAU_INSTRUCAO,DS_GRAU_INSTRUCAO,CD_COR_RACA,DS_COR_RACA
210000017170,2012,88013,PORTO ALEGRE,13,VEREADOR,JOEL FRANCISCO SOARES VIEIRA JUNIOR,2,MASCULINO,5,ENSINO MÉDIO INCOMPLETO,-3,#NE#
210000000379,2012,88013,PORTO ALEGRE,13,VEREADOR,ELIZABETH DOS SANTOS MASERA,4,FEMININO,8,SUPERIOR COMPLETO,-3,#NE#
210000000393,2012,88013,PORTO ALEGRE,13,VEREADOR,LUÍS ANDRÉ BLANCO MACHADO,2,MASCULINO,6,ENSINO MÉDIO COMPLETO,-3,#NE#
210000029793,2012,88013,PORTO ALEGRE,13,VEREADOR,LUCIANO VIEIRA BATISTA,2,MASCULINO,7,SUPERIOR INCOMPLETO,-3,#NE#
210000010626,2012,88013,PORTO ALEGRE,13,VEREADOR,MARCELO FRANCISCO CHIODO,2,MASCULINO,6,ENSINO MÉDIO COMPLETO,-3,#NE#
210000001001,2012,88013,PORTO ALEGRE,13,VEREADOR,LINDOMAR ANTONIO POSSA,2,MASCULINO,8,SUPERIOR COMPLETO,-3,#NE#
210000000368,2012,88013,PORTO ALEGRE,13,VEREADOR,BENEDITO MELGAREJO SALDANHA,2,MASCULINO,7,SUPERIOR INCOMPLETO,-3,#NE#
210000000302,2012,88013,PORTO ALEGRE,13,VEREADOR,CANDIDO IVAN RIBEIRO COSTA,2,MASCULINO,5,ENSINO MÉDIO INCOMPLETO,-3,#NE#
210000017174,2012,88013,PORTO ALEGRE,13,VEREADOR,JOÃO INÁCIO ANTUNES DE OLIVEIRA,2,MASCULINO,5,ENSINO MÉDIO INCOMPLETO,-3,#NE#
210000001009,2012,88013,PORTO ALEGRE,13,VEREADOR,MICHELE PADILHA WILLGES,4,FEMININO,6,ENSINO MÉDIO COMPLETO,-3,#NE#
210000018666,2012,88013,PORTO ALEGRE,13,VEREADOR,FABIAN TUBINO ROCHA,2,MASCULINO,7,SUPERIOR INCOMPLETO,-3,#NE#
210000001015,2012,88013,PORTO ALEGRE,13,VEREADOR,OSÓRIO LUIZ RODRIGUES SIEBEN,2,MASCULINO,4,ENSINO FUNDAMENTAL COMPLETO,-3,#NE#
210000029985,2012,88013,PORTO ALEGRE,13,VEREADOR,MARIA EDILIA CAMARGO JABLONSKI,4,FEMININO,8,SUPERIOR COMPLETO,-3,#NE#
210000000449,2012,88013,PORTO ALEGRE,13,VEREADOR,FERNANDO PEREIRA DA CUNHA,2,MASCULINO,6,ENSINO MÉDIO COMPLETO,-3,#NE#
210000032992,2012,88013,PORTO ALEGRE,13,VEREADOR,ELIANE CARMANIM LIMA,4,FEMININO,8,SUPERIOR COMPLETO,-3,#NE#
210000028626,2012,88013,PORTO ALEGRE,13,VEREADOR,FERNANDA BUCHABQUI SAENGER,4,FEMININO,8,SUPERIOR COMPLETO,-3,#NE#
210000033017,2012,88013,PORTO ALEGRE,13,VEREADOR,VALDEMIR LIMA FERNANDES,2,MASCULINO,6,ENSINO MÉDIO COMPLETO,-3,#NE#
210000000352,2012,88013,PORTO ALEGRE,13,VEREADOR,VANDELINO LIPERT BEHENCK,2,MASCULINO,6,ENSINO MÉDIO COMPLETO,-3,#NE#
210000029979,2012,88013,PORTO ALEGRE,13,VEREADOR,CLEBSON JERONIMO RAMIRES ANSELMO,2,MASCULINO,6,ENSINO MÉDIO COMPLETO,-3,#NE#
210000000461,2012,88013,PORTO ALEGRE,13,VEREADOR,MARCOS CARLOS DE OLIVEIRA,2,MASCULINO,4,ENSINO FUNDAMENTAL COMPLETO,-3,#NE#
210000017168,2012,88013,PORTO ALEGRE,13,VEREADOR,JAIME SKILHAN MARTINS,2,MASCULINO,7,SUPERIOR INCOMPLETO,-3,#NE#
210000010611,2012,88013,PORTO ALEGRE,13,VEREADOR,ESTEVÃO UCHAKI ALVES,2,MASCULINO,3,ENSINO FUNDAMENTAL INCOMPLETO,-3,#NE#
210000029978,2012,88013,PORTO ALEGRE,13,VEREADOR,CLAUDIO DERLI SANTOS DA SILVEIRA,2,MASCULINO,6,ENSINO MÉDIO COMPLETO,-3,#NE#
210000000305,2012,88013,PORTO ALEGRE,13,VEREADOR,CONCEIÇÃO BEATRIZ ESPINDOLA BRASIL,4,FEMININO,2,LÊ E ESCREVE,-3,#NE#
210000000337,2012,88013,PORTO ALEGRE,13,VEREADOR,PATRICIA LUCEIRO DE OLIVEIRA,4,FEMININO,8,SUPERIOR COMPLETO,-3,#NE#
210000000348,2012,88013,PORTO ALEGRE,13,VEREADOR,SILVANA BRAZEIRO CONTI,4,FEMININO,8,SUPERIOR COMPLETO,-3,#NE#
210000018684,2012,88013,PORTO ALEGRE,13,VEREADOR,LUIS FRANCISCO SIQUEIRA BARBOSA,2,MASCULINO,6,ENSINO MÉDIO COMPLETO,-3,#NE#
210000010969,2012,88013,PORTO ALEGRE,13,VEREADOR,MARIO PINTO DE FRAGA,2,MASCULINO,6,ENSINO MÉDIO COMPLETO,-3,#NE#
210000032999,2012,88013,PORTO ALEGRE,13,VEREADOR,JOAO DE CARVALHO CALIXTO,2,MASCULINO,8,SUPERIOR COMPLETO,-3,#NE#
210000000477,2012,88013,PORTO ALEGRE,13,VEREADOR,SILCE ISOLETE RODRIGUES GARCIA,4,FEMININO,8,SUPERIOR COMPLETO,-3,#NE#
210000000321,2012,88013,PORTO ALEGRE,13,VEREADOR,JOSÉ TARCISO DE SOUZA,2,MASCULINO,2,LÊ E ESCREVE,-3,#NE#
210000000370,2012,88013,PORTO ALEGRE,13,VEREADOR,CARLOS ROBERTO COMASSETTO,2,MASCULINO,8,SUPERIOR COMPLETO,-3,#NE#
210000032990,2012,88013,PORTO ALEGRE,13,VEREADOR,DÓRIS LÉA SCHLATTER,4,FEMININO,8,SUPERIOR COMPLETO,-3,#NE#
210000010956,2012,88013,PORTO ALEGRE,13,VEREADOR,LEILA KATHIA CASTRO CONCEIÇÃO,4,FEMININO,6,ENSINO MÉDIO COMPLETO,-3,#NE#
210000000994,2012,88013,PORTO ALEGRE,13,VEREADOR,IDENIR JOAO CECCHIM,2,MASCULINO,8,SUPERIOR COMPLETO,-3,#NE#
210000010653,2012,88013,PORTO ALEGRE,13,VEREADOR,VERA LUCIA DE SOUZA,4,FEMININO,8,SUPERIOR COMPLETO,-3,#NE#
210000033015,2012,88013,PORTO ALEGRE,13,VEREADOR,MARISE DE OLIVEIRA GOMES,4,FEMININO,7,SUPERIOR INCOMPLETO,-3,#NE#
210000000996,2012,88013,PORTO ALEGRE,13,VEREADOR,JACQUES GERCHMAN,2,MASCULINO,8,SUPERIOR COMPLETO,-3,#NE#
210000010965,2012,88013,PORTO ALEGRE,13,VEREADOR,MARIA ANGELA PELLIN DE MOLNAR,4,FEMININO,7,SUPERIOR INCOMPLETO,-3,#NE#
210000033001,2012,88013,PORTO ALEGRE,13,VEREADOR,JOSIANE FRANÇA SANTOS,4,FEMININO,6,ENSINO MÉDIO COMPLETO,-3,#NE#
210000010923,2012,88013,PORTO ALEGRE,13,VEREADOR,BELINA REGINA ROSA JORDÃO,4,FEMININO,5,ENSINO MÉDIO INCOMPLETO,-3,#NE#
210000000375,2012,88013,PORTO ALEGRE,13,VEREADOR,DANIEL PEREIRA BITTENCOURT,2,MASCULINO,3,ENSINO FUNDAMENTAL INCOMPLETO,-3,#NE#
210000000990,2012,88013,PORTO ALEGRE,13,VEREADOR,ELIANA MACHADO DE OLIVEIRA,4,FEMININO,5,ENSINO MÉDIO INCOMPLETO,-3,#NE#
210000017182,2012,88013,PORTO ALEGRE,13,VEREADOR,MARIO ANTONIO MANFRO,2,MASCULINO,8,SUPERIOR COMPLETO,-3,#NE#
210000031483,2012,88013,PORTO ALEGRE,13,VEREADOR,NUBEM AIRTON CABRAL MEDEIROS,2,MASCULINO,8,SUPERIOR COMPLETO,-3,#NE#
210000017196,2012,88013,PORTO ALEGRE,13,VEREADOR,RAMIRO STALLBAUM ROSARIO,2,MASCULINO,8,SUPERIOR COMPLETO,-3,#NE#
210000000479,2012,88013,PORTO ALEGRE,13,VEREADOR,SIMONE DA CUNHA PEIXOTO,4,FEMININO,6,ENSINO MÉDIO COMPLETO,-3,#NE#
210000010642,2012,88013,PORTO ALEGRE,13,VEREADOR,PEDRO DORNELES VIEIRA,2,MASCULINO,4,ENSINO FUNDAMENTAL COMPLETO,-3,#NE#
210000035912,2012,88013,PORTO ALEGRE,13,VEREADOR,LAILA MARIA SOUZA DE ARAUJO,4,FEMININO,6,ENSINO MÉDIO COMPLETO,-3,#NE#
210000000399,2012,88013,PORTO ALEGRE,13,VEREADOR,MURILO PARRINO AMATNEEKS,2,MASCULINO,7,SUPERIOR INCOMPLETO,-3,#NE#
210000010954,2012,88013,PORTO ALEGRE,13,VEREADOR,JOÃO PAULO DE ANDRADE CUNHA,2,MASCULINO,8,SUPERIOR COMPLETO,-3,#NE#
210000000324,2012,88013,PORTO ALEGRE,13,VEREADOR,JUSSARA ROSA CONY,4,FEMININO,8,SUPERIOR COMPLETO,-3,#NE#
210000000396,2012,88013,PORTO ALEGRE,13,VEREADOR,MARIA CELESTE DE SOUZA DA SILVA,4,FEMININO,8,SUPERIOR COMPLETO,-3,#NE#
210000000372,2012,88013,PORTO ALEGRE,13,VEREADOR,CELSO WOYCIECHOWSKI,2,MASCULINO,8,SUPERIOR COMPLETO,-3,#NE#
210000000314,2012,88013,PORTO ALEGRE,13,VEREADOR,GRACILIANO RODRIGUES,2,MASCULINO,6,ENSINO MÉDIO COMPLETO,-3,#NE#
210000010942,2012,88013,PORTO ALEGRE,13,VEREADOR,GUILHERME SOCIAS VILLELA,2,MASCULINO,8,SUPERIOR COMPLETO,-3,#NE#
210000035052,2012,88013,PORTO ALEGRE,13,VEREADOR,KELLY GONÇALVES CORREA,4,FEMININO,6,ENSINO MÉDIO COMPLETO,-3,#NE#
210000017197,2012,88013,PORTO ALEGRE,13,VEREADOR,REJANE RITA KAISER,4,FEMININO,8,SUPERIOR COMPLETO,-3,#NE#
210000017178,2012,88013,PORTO ALEGRE,13,VEREADOR,LUIZ OTÁVIO ANDRADE VAZ SAMPAIO,2,MASCULINO,6,ENSINO MÉDIO COMPLETO,-3,#NE#
210000017189,2012,88013,PORTO ALEGRE,13,VEREADOR,PAULO ADIR FERREIRA,2,MASCULINO,7,SUPERIOR INCOMPLETO,-3,#NE#
210000018662,2012,88013,PORTO ALEGRE,13,VEREADOR,ELISABETE PEREIRA LOPES,4,FEMININO,7,SUPERIOR INCOMPLETO,-3,#NE#
210000010620,2012,88013,PORTO ALEGRE,13,VEREADOR,JUAREZ FRAGA CORREA DA COSTA JÚNIOR,2,MASCULINO,6,ENSINO MÉDIO COMPLETO,-3,#NE#
210000010979,2012,88013,PORTO ALEGRE,13,VEREADOR,ROQUE RAUBER,2,MASCULINO,8,SUPERIOR COMPLETO,-3,#NE#
210000000434,2012,88013,PORTO ALEGRE,13,VEREADOR,ANDRÉ GILBERTO PEREIRA GONÇALVES,2,MASCULINO,7,SUPERIOR INCOMPLETO,-3,#NE#
210000000452,2012,88013,PORTO ALEGRE,13,VEREADOR,JAIRTON FERREIRA PRATES,2,MASCULINO,6,ENSINO MÉDIO COMPLETO,-3,#NE#
210000030440,2012,88013,PORTO ALEGRE,13,VEREADOR,REGINALDO DA LUZ PUJOL,2,MASCULINO,8,SUPERIOR COMPLETO,-3,#NE#
210000000382,2012,88013,PORTO ALEGRE,13,VEREADOR,JAIR BUENO,2,MASCULINO,6,ENSINO MÉDIO COMPLETO,-3,#NE#
210000000402,2012,88013,PORTO ALEGRE,13,VEREADOR,PEDRO LEONARDO DA LUZ LOSS,2,MASCULINO,8,SUPERIOR COMPLETO,-3,#NE#
210000010980,2012,88013,PORTO ALEGRE,13,VEREADOR,SANDERLEY DOS SANTOS ALMEIDA,2,MASCULINO,3,ENSINO FUNDAMENTAL INCOMPLETO,-3,#NE#
210000000999,2012,88013,PORTO ALEGRE,13,VEREADOR,JOÃO ANTÔNIO PANCINHA COSTA,2,MASCULINO,8,SUPERIOR COMPLETO,-3,#NE#
210000010953,2012,88013,PORTO ALEGRE,13,VEREADOR,JOÃO BOSCO GRANATO VAZ,2,MASCULINO,8,SUPERIOR COMPLETO,-3,#NE#
210000000296,2012,88013,PORTO ALEGRE,13,VEREADOR,ANDREA MILANI,4,FEMININO,8,SUPERIOR COMPLETO,-3,#NE#
210000017181,2012,88013,PORTO ALEGRE,13,VEREADOR,MARIA DE LOURDES FERNANDES CAUDURO,4,FEMININO,8,SUPERIOR COMPLETO,-3,#NE#
210000000381,2012,88013,PORTO ALEGRE,13,VEREADOR,JACQUELINE TEREZINHA URROZ SANCHOTENE,4,FEMININO,7,SUPERIOR INCOMPLETO,-3,#NE#
210000028701,2012,88013,PORTO ALEGRE,13,VEREADOR,IVANIO BERNARDON,2,MASCULINO,8,SUPERIOR COMPLETO,-3,#NE#
210000010968,2012,88013,PORTO ALEGRE,13,VEREADOR,MARIA RITA CHANG,4,FEMININO,8,SUPERIOR COMPLETO,-3,#NE#
210000000310,2012,88013,PORTO ALEGRE,13,VEREADOR,EDUARDO CLOIR DA SILVA,2,MASCULINO,2,LÊ E ESCREVE,-3,#NE#
210000000344,2012,88013,PORTO ALEGRE,13,VEREADOR,RAMIRO SANTANA MORENO LOPEZ,2,MASCULINO,8,SUPERIOR COMPLETO,-3,#NE#
210000010649,2012,88013,PORTO ALEGRE,13,VEREADOR,SÉRGIO ROBERTO SOARES NEGLIA,2,MASCULINO,6,ENSINO MÉDIO COMPLETO,-3,#NE#
210000032993,2012,88013,PORTO ALEGRE,13,VEREADOR,FERNANDO MAZZOLA,2,MASCULINO,8,SUPERIOR COMPLETO,-3,#NE#
210000032980,2012,88013,PORTO ALEGRE,13,VEREADOR,ALEXANDER TEIXEIRA EBERHARDT,2,MASCULINO,8,SUPERIOR COMPLETO,-3,#NE#
210000033006,2012,88013,PORTO ALEGRE,13,VEREADOR,LIZIANE PERES BERNARDES,4,FEMININO,8,SUPERIOR COMPLETO,-3,#NE#
210000000988,2012,88013,PORTO ALEGRE,13,VEREADOR,DELVIA MARIA MORALES DA ROCHA PEREIRA,4,FEMININO,6,ENSINO MÉDIO COMPLETO,-3,#NE#
210000017153,2012,88013,PORTO ALEGRE,13,VEREADOR,ADAIR CORREIA VARGAS,2,MASCULINO,6,ENSINO MÉDIO COMPLETO,-3,#NE#
210000010632,2012,88013,PORTO ALEGRE,13,VEREADOR,NEI BICA JUNQUEIRA,2,MASCULINO,7,SUPERIOR INCOMPLETO,-3,#NE#
210000000980,2012,88013,PORTO ALEGRE,13,VEREADOR,ANA MARIA INÊS LEHN,4,FEMININO,6,ENSINO MÉDIO COMPLETO,-3,#NE#
210000000405,2012,88013,PORTO ALEGRE,13,VEREADOR,THAÍS MARIA FERREIRA SAMPAIO,4,FEMININO,8,SUPERIOR COMPLETO,-3,#NE#
210000000385,2012,88013,PORTO ALEGRE,13,VEREADOR,JOÃO ANTÔNIO DOS SANTOS RODRIGUES,2,MASCULINO,4,ENSINO FUNDAMENTAL COMPLETO,-3,#NE#
210000010643,2012,88013,PORTO ALEGRE,13,VEREADOR,PEDRO LIBONATTI MARCHIORI,2,MASCULINO,8,SUPERIOR COMPLETO,-3,#NE#
210000028837,2012,88013,PORTO ALEGRE,13,VEREADOR,RUBIA ELEN ESMERIS,4,FEMININO,6,ENSINO MÉDIO COMPLETO,-3,#NE#
210000029973,2012,88013,PORTO ALEGRE,11,PREFEITO,JOCELIN AZAMBUJA,2,MASCULINO,8,SUPERIOR COMPLETO,-3,#NE#
210000018656,2012,88013,PORTO ALEGRE,13,VEREADOR,ARQUIMEDES MORAES DOS SANTOS,2,MASCULINO,6,ENSINO MÉDIO COMPLETO,-3,#NE#
210000017169,2012,88013,PORTO ALEGRE,13,VEREADOR,JARI BELLAVER MONTEIRO,2,MASCULINO,8,SUPERIOR COMPLETO,-3,#NE#
210000010602,2012,88013,PORTO ALEGRE,13,VEREADOR,CARLOS ROBERTO DE OLIVEIRA PECH,2,MASCULINO,7,SUPERIOR INCOMPLETO,-3,#NE#
210000010958,2012,88013,PORTO ALEGRE,13,VEREADOR,LISE FONTES RIES,4,FEMININO,8,SUPERIOR COMPLETO,-3,#NE#
210000017198,2012,88013,PORTO ALEGRE,13,VEREADOR,ROBERTO FERRAZ SABINO,2,MASCULINO,4,ENSINO FUNDAMENTAL COMPLETO,-3,#NE#
210000017184,2012,88013,PORTO ALEGRE,13,VEREADOR,MIGUEL ANTONIO NERY SINNOTT,2,MASCULINO,8,SUPERIOR COMPLETO,-3,#NE#
210000000317,2012,88013,PORTO ALEGRE,13,VEREADOR,JEFERSON HENRIQUE AGUIAR PEREIRA,2,MASCULINO,7,SUPERIOR INCOMPLETO,-3,#NE#
210000000991,2012,88013,PORTO ALEGRE,13,VEREADOR,ELIAS INCHAUSTE PIRES,2,MASCULINO,4,ENSINO FUNDAMENTAL COMPLETO,-3,#NE#
210000000335,2012,88013,PORTO ALEGRE,13,VEREADOR,MARISTELA MAFFEI,4,FEMININO,8,SUPERIOR COMPLETO,-3,#NE#
210000010637,2012,88013,PORTO ALEGRE,13,VEREADOR,PAULO CESAR TONELLO,2,MASCULINO,6,ENSINO MÉDIO COMPLETO,-3,#NE#
210000000457,2012,88013,PORTO ALEGRE,13,VEREADOR,LAERCIO THADEU PEREIRA DA SILVA,2,MASCULINO,8,SUPERIOR COMPLETO,-3,#NE#
210000000983,2012,88013,PORTO ALEGRE,13,VEREADOR,ANTONIO AUGUSTO DA SILVA FAGUNDES,2,MASCULINO,8,SUPERIOR COMPLETO,-3,#NE#
210000000403,2012,88013,PORTO ALEGRE,13,VEREADOR,SOFIA CAVEDON NUNES,4,FEMININO,8,SUPERIOR COMPLETO,-3,#NE#
210000000981,2012,88013,PORTO ALEGRE,13,VEREADOR,ANA VOLUZIA RAMOS DE CARVALHO,4,FEMININO,4,ENSINO FUNDAMENTAL COMPLETO,-3,#NE#
210000010612,2012,88013,PORTO ALEGRE,13,VEREADOR,GLADIS DE SOUZA COUTO,4,FEMININO,6,ENSINO MÉDIO COMPLETO,-3,#NE#
210000000987,2012,88013,PORTO ALEGRE,13,VEREADOR,CRISTINA VIEIRA DOS REIS,4,FEMININO,6,ENSINO MÉDIO COMPLETO,-3,#NE#
210000000376,2012,88013,PORTO ALEGRE,13,VEREADOR,DIÓGENES BERTHES DA SILVA,2,MASCULINO,6,ENSINO MÉDIO COMPLETO,-3,#NE#
210000010633,2012,88013,PORTO ALEGRE,13,VEREADOR,NORMA GONÇALVES CADAVAL,4,FEMININO,8,SUPERIOR COMPLETO,-3,#NE#
210000033966,2012,88013,PORTO ALEGRE,13,VEREADOR,SUZANA DE BORBA,4,FEMININO,6,ENSINO MÉDIO COMPLETO,-3,#NE#
210000001024,2012,88013,PORTO ALEGRE,13,VEREADOR,RAUL TORELLY FRAGA,2,MASCULINO,8,SUPERIOR COMPLETO,-3,#NE#
210000000436,2012,88013,PORTO ALEGRE,13,VEREADOR,ANTONIO CARLOS ROSS DE ABREU,2,MASCULINO,3,ENSINO FUNDAMENTAL INCOMPLETO,-3,#NE#
210000000445,2012,88013,PORTO ALEGRE,13,VEREADOR,ELIZANDRO SILVA DE FREITAS SABINO,2,MASCULINO,8,SUPERIOR COMPLETO,-3,#NE#
210000018671,2012,88013,PORTO ALEGRE,13,VEREADOR,HELOISA HELENA PEREZ BISCARRA,4,FEMININO,4,ENSINO FUNDAMENTAL COMPLETO,-3,#NE#
210000001019,2012,88013,PORTO ALEGRE,13,VEREADOR,PARAGUASSÚ CAMARGO GONÇALVES,2,MASCULINO,7,SUPERIOR INCOMPLETO,-3,#NE#
210000010641,2012,88013,PORTO ALEGRE,13,VEREADOR,PAULO SÉRGIO DOS SANTOS,2,MASCULINO,6,ENSINO MÉDIO COMPLETO,-3,#NE#
210000001025,2012,88013,PORTO ALEGRE,13,VEREADOR,ROSEMARIE STEIN,4,FEMININO,8,SUPERIOR COMPLETO,-3,#NE#
210000010924,2012,88013,PORTO ALEGRE,13,VEREADOR,BÁRBARA REGINA SANTOS DOS SANTOS,4,FEMININO,6,ENSINO MÉDIO COMPLETO,-3,#NE#
210000010604,2012,88013,PORTO ALEGRE,13,VEREADOR,COPINARÉ ACOSTA,2,MASCULINO,7,SUPERIOR INCOMPLETO,-3,#NE#
210000010618,2012,88013,PORTO ALEGRE,13,VEREADOR,JOSÉ NATIVIDADE COLMÃO MARTINS,2,MASCULINO,6,ENSINO MÉDIO COMPLETO,-3,#NE#
210000029636,2012,88013,PORTO ALEGRE,13,VEREADOR,OSAMU ALBERTO HIRAIWA,2,MASCULINO,5,ENSINO MÉDIO INCOMPLETO,-3,#NE#
210000010623,2012,88013,PORTO ALEGRE,13,VEREADOR,LURDES AGATA GUICONI,4,FEMININO,5,ENSINO MÉDIO INCOMPLETO,-3,#NE#
210000033009,2012,88013,PORTO ALEGRE,13,VEREADOR,LUIZ ALBERTO NEGRINHO DE OLIVEIRA JÚNIOR,2,MASCULINO,5,ENSINO MÉDIO INCOMPLETO,-3,#NE#
210000030238,2012,88013,PORTO ALEGRE,13,VEREADOR,ELZA TEREZINHA DALLA LANA,4,FEMININO,6,ENSINO MÉDIO COMPLETO,-3,#NE#
210000033007,2012,88013,PORTO ALEGRE,13,VEREADOR,LUCIANO FABIANO COSTA FRANÇA,2,MASCULINO,6,ENSINO MÉDIO COMPLETO,-3,#NE#
210000000290,2012,88013,PORTO ALEGRE,13,VEREADOR,ADALBERTO CÉSAR PEREIRA,2,MASCULINO,6,ENSINO MÉDIO COMPLETO,-3,#NE#
210000031654,2012,88013,PORTO ALEGRE,13,VEREADOR,LUIZ RODRIGO DORNELES DE AGUIAR,2,MASCULINO,6,ENSINO MÉDIO COMPLETO,-3,#NE#
210000000404,2012,88013,PORTO ALEGRE,13,VEREADOR,SONIA SARAÍ DE LIMA SOARES,4,FEMININO,6,ENSINO MÉDIO COMPLETO,-3,#NE#
210000001013,2012,88013,PORTO ALEGRE,13,VEREADOR,OSMAR ANTONIO GOI,2,MASCULINO,6,ENSINO MÉDIO COMPLETO,-3,#NE#
210000029611,2012,88013,PORTO ALEGRE,13,VEREADOR,NILZA TEREZINHA SIQUEIRA,4,FEMININO,6,ENSINO MÉDIO COMPLETO,-3,#NE#
210000028646,2012,88013,PORTO ALEGRE,13,VEREADOR,NEUZA MARIA RODRIGUES SEVERO,4,FEMININO,6,ENSINO MÉDIO COMPLETO,-3,#NE#
210000000312,2012,88013,PORTO ALEGRE,13,VEREADOR,FERNANDO DORNELES MAGADAN,2,MASCULINO,7,SUPERIOR INCOMPLETO,-3,#NE#
210000001008,2012,88013,PORTO ALEGRE,13,VEREADOR,MARILIA ALVES FIDELL,4,FEMININO,4,ENSINO FUNDAMENTAL COMPLETO,-3,#NE#
210000001006,2012,88013,PORTO ALEGRE,13,VEREADOR,MARIA DE LOURDES DOS SANTOS SPRENGER,4,FEMININO,8,SUPERIOR COMPLETO,-3,#NE#
210000010972,2012,88013,PORTO ALEGRE,13,VEREADOR,MÁRCIO FERREIRA BINS ELY,2,MASCULINO,8,SUPERIOR COMPLETO,-3,#NE#
210000010593,2012,88013,PORTO ALEGRE,13,VEREADOR,ADELINA DE FÁTIMA LEMOS DE FREITAS,4,FEMININO,6,ENSINO MÉDIO COMPLETO,-3,#NE#
210000032987,2012,88013,PORTO ALEGRE,13,VEREADOR,CARLOS VIENEL,2,MASCULINO,6,ENSINO MÉDIO COMPLETO,-3,#NE#
210000029618,2012,88013,PORTO ALEGRE,13,VEREADOR,JADELAINE FEIJÓ DA SILVA,4,FEMININO,4,ENSINO FUNDAMENTAL COMPLETO,-3,#NE#
210000031868,2012,88013,PORTO ALEGRE,13,VEREADOR,RONI IVAN PIMENTEL CELARO,2,MASCULINO,6,ENSINO MÉDIO COMPLETO,-3,#NE#
210000028604,2012,88013,PORTO ALEGRE,13,VEREADOR,FABIO AUGUSTO TOSCANI ANDRETTA,2,MASCULINO,8,SUPERIOR COMPLETO,-3,#NE#
210000010935,2012,88013,PORTO ALEGRE,13,VEREADOR,ELIANE SOUZA CORREA,4,FEMININO,3,ENSINO FUNDAMENTAL INCOMPLETO,-3,#NE#
210000028953,2012,88013,PORTO ALEGRE,13,VEREADOR,JAIR GONÇALVES PRATES,2,MASCULINO,6,ENSINO MÉDIO COMPLETO,-3,#NE#
210000001023,2012,88013,PORTO ALEGRE,13,VEREADOR,RAMIRO GUERRA MARTINI,2,MASCULINO,7,SUPERIOR INCOMPLETO,-3,#NE#
210000018673,2012,88013,PORTO ALEGRE,13,VEREADOR,INOCENCIO SIQUEIRA ARCE,2,MASCULINO,4,ENSINO FUNDAMENTAL COMPLETO,-3,#NE#
210000017201,2012,88013,PORTO ALEGRE,13,VEREADOR,SENDHY SPINDOLA,4,FEMININO,7,SUPERIOR INCOMPLETO,-3,#NE#
210000017159,2012,88013,PORTO ALEGRE,13,VEREADOR,CARLA SOARES TONDING,4,FEMININO,6,ENSINO MÉDIO COMPLETO,-3,#NE#
210000000309,2012,88013,PORTO ALEGRE,13,VEREADOR,EDISON COSTA MARQUES,2,MASCULINO,6,ENSINO MÉDIO COMPLETO,-3,#NE#
210000010941,2012,88013,PORTO ALEGRE,13,VEREADOR,GUILHERME EUGENIO GUEDES FORTES,2,MASCULINO,8,SUPERIOR COMPLETO,-3,#NE#
210000000374,2012,88013,PORTO ALEGRE,13,VEREADOR,CLÁUDIO MARCOS PERES TORALLES,2,MASCULINO,6,ENSINO MÉDIO COMPLETO,-3,#NE#
210000000301,2012,88013,PORTO ALEGRE,13,VEREADOR,BERNARDINO VENDRUSCOLO,2,MASCULINO,7,SUPERIOR INCOMPLETO,-3,#NE#
210000000440,2012,88013,PORTO ALEGRE,13,VEREADOR,CIRILO JOÃO FAE,2,MASCULINO,8,SUPERIOR COMPLETO,-3,#NE#
210000033239,2012,88013,PORTO ALEGRE,13,VEREADOR,GIANDERSON GUIDO GIRARDI,2,MASCULINO,7,SUPERIOR INCOMPLETO,-3,#NE#
210000010613,2012,88013,PORTO ALEGRE,13,VEREADOR,IARA RIBEIRO MIRAGEM,4,FEMININO,6,ENSINO MÉDIO COMPLETO,-3,#NE#
210000000308,2012,88013,PORTO ALEGRE,13,VEREADOR,DILMAIR MONTE DOS SANTOS,2,MASCULINO,5,ENSINO MÉDIO INCOMPLETO,-3,#NE#
210000010957,2012,88013,PORTO ALEGRE,13,VEREADOR,LINDO CRISTALDO,2,MASCULINO,8,SUPERIOR COMPLETO,-3,#NE#
210000000295,2012,88013,PORTO ALEGRE,13,VEREADOR,ANDRE LUIS BUENO IRIGON,2,MASCULINO,2,LÊ E ESCREVE,-3,#NE#
210000000320,2012,88013,PORTO ALEGRE,13,VEREADOR,JOSE CESLAVO SANTOS BARTOCHAK,2,MASCULINO,6,ENSINO MÉDIO COMPLETO,-3,#NE#
210000000468,2012,88013,PORTO ALEGRE,13,VEREADOR,PAULO CESAR DOS SANTOS BRUM,2,MASCULINO,6,ENSINO MÉDIO COMPLETO,-3,#NE#
210000000480,2012,88013,PORTO ALEGRE,13,VEREADOR,TERESINHA CATARINA OLIVEIRA MARQUES,4,FEMININO,4,ENSINO FUNDAMENTAL COMPLETO,-3,#NE#
210000000456,2012,88013,PORTO ALEGRE,13,VEREADOR,JOSÉ BATISTA BRERO,2,MASCULINO,3,ENSINO FUNDAMENTAL INCOMPLETO,-3,#NE#
210000034022,2012,88013,PORTO ALEGRE,13,VEREADOR,ANGELO MARCOS MORAES FERNANDES,2,MASCULINO,6,ENSINO MÉDIO COMPLETO,-3,#NE#
210000000331,2012,88013,PORTO ALEGRE,13,VEREADOR,MARCELO DANIEL DA SILVA CORREA,2,MASCULINO,3,ENSINO FUNDAMENTAL INCOMPLETO,-3,#NE#
210000017195,2012,88013,PORTO ALEGRE,13,VEREADOR,RAFAEL CASTILHOS FURTADO,2,MASCULINO,8,SUPERIOR COMPLETO,-3,#NE#
210000018667,2012,88013,PORTO ALEGRE,13,VEREADOR,FERNANDA MELCHIONNA E SILVA,4,FEMININO,8,SUPERIOR COMPLETO,-3,#NE#
210000000330,2012,88013,PORTO ALEGRE,13,VEREADOR,MARCELO CARPES DOS SANTOS,2,MASCULINO,6,ENSINO MÉDIO COMPLETO,-3,#NE#
210000000293,2012,88013,PORTO ALEGRE,13,VEREADOR,AMARILDO PATROCINIO DA ROSA,2,MASCULINO,6,ENSINO MÉDIO COMPLETO,-3,#NE#
210000033013,2012,88013,PORTO ALEGRE,13,VEREADOR,MANOEL MENANDRO DE ARAÚJO ROCHA FILHO,2,MASCULINO,6,ENSINO MÉDIO COMPLETO,-3,#NE#
210000017173,2012,88013,PORTO ALEGRE,13,VEREADOR,JOSÉ DORNELES PEREIRA,2,MASCULINO,6,ENSINO MÉDIO COMPLETO,-3,#NE#
210000000363,2012,88013,PORTO ALEGRE,13,VEREADOR,ALBERTO MOURA TERRES,2,MASCULINO,8,SUPERIOR COMPLETO,-3,#NE#
210000032983,2012,88013,PORTO ALEGRE,13,VEREADOR,ANTONIO NATAL MACIEL ORTIZ,2,MASCULINO,4,ENSINO FUNDAMENTAL COMPLETO,-3,#NE#
210000018670,2012,88013,PORTO ALEGRE,13,VEREADOR,HELENA CRISTINA BORGES,4,FEMININO,6,ENSINO MÉDIO COMPLETO,-3,#NE#
210000017188,2012,88013,PORTO ALEGRE,13,VEREADOR,NINA NAIR JORNOOKI,4,FEMININO,8,SUPERIOR COMPLETO,-3,#NE#
210000000345,2012,88013,PORTO ALEGRE,13,VEREADOR,RODRIGO CHAGAS SILVEIRA,2,MASCULINO,6,ENSINO MÉDIO COMPLETO,-3,#NE#
210000010597,2012,88013,PORTO ALEGRE,13,VEREADOR,ANGELA MARIA CARSTER COSTA,4,FEMININO,3,ENSINO FUNDAMENTAL INCOMPLETO,-3,#NE#
210000000400,2012,88013,PORTO ALEGRE,13,VEREADOR,PATRÍCIA SILVA DOS SANTOS,4,FEMININO,6,ENSINO MÉDIO COMPLETO,-3,#NE#
210000010595,2012,88013,PORTO ALEGRE,13,VEREADOR,AIRTO JOÃO FERRONATO,2,MASCULINO,8,SUPERIOR COMPLETO,-3,#NE#
210000032925,2012,88013,PORTO ALEGRE,13,VEREADOR,VERA JUSTINA GUASSO,4,FEMININO,7,SUPERIOR INCOMPLETO,-3,#NE#
210000017199,2012,88013,PORTO ALEGRE,13,VEREADOR,ROBERTO GIORDANO,2,MASCULINO,6,ENSINO MÉDIO COMPLETO,-3,#NE#
210000033008,2012,88013,PORTO ALEGRE,13,VEREADOR,LUIZ ALBERTO NEGRINHO DE OLIVEIRA,2,MASCULINO,7,SUPERIOR INCOMPLETO,-3,#NE#
210000028888,2012,88013,PORTO ALEGRE,13,VEREADOR,CAROLINE PANAZZOLO,4,FEMININO,8,SUPERIOR COMPLETO,-3,#NE#
210000017161,2012,88013,PORTO ALEGRE,13,VEREADOR,CLAUDIO RENATO COSTA FRANZEN,2,MASCULINO,8,SUPERIOR COMPLETO,-3,#NE#
210000035750,2012,88013,PORTO ALEGRE,13,VEREADOR,KATIUCIA LUCENA MARQUES,4,FEMININO,5,ENSINO MÉDIO INCOMPLETO,-3,#NE#
210000032915,2012,88013,PORTO ALEGRE,11,PREFEITO,ÉRICO RONI MASLINKIEWICZ CORRÊA,2,MASCULINO,7,SUPERIOR INCOMPLETO,-3,#NE#
210000010985,2012,88013,PORTO ALEGRE,13,VEREADOR,SÍLVIA REGINA CAPULO,4,FEMININO,6,ENSINO MÉDIO COMPLETO,-3,#NE#
210000010987,2012,88013,PORTO ALEGRE,13,VEREADOR,VERA LUIZA COUTINHO VALÉRIO,4,FEMININO,4,ENSINO FUNDAMENTAL COMPLETO,-3,#NE#
210000029029,2012,88013,PORTO ALEGRE,13,VEREADOR,CARLA VIVIANE LOPES,4,FEMININO,6,ENSINO MÉDIO COMPLETO,-3,#NE#
210000001021,2012,88013,PORTO ALEGRE,13,VEREADOR,PEDRO RENI PEREIRA DA SILVA,2,MASCULINO,4,ENSINO FUNDAMENTAL COMPLETO,-3,#NE#
210000010946,2012,88013,PORTO ALEGRE,13,VEREADOR,JOAO CARLOS CAVALHEIRO NEDEL,2,MASCULINO,8,SUPERIOR COMPLETO,-3,#NE#
210000000291,2012,88013,PORTO ALEGRE,13,VEREADOR,ADELI PACHECO DE MORAIS,4,FEMININO,4,ENSINO FUNDAMENTAL COMPLETO,-3,#NE#
210000000453,2012,88013,PORTO ALEGRE,13,VEREADOR,JESUS CASSIÁ LOPES GOMES,2,MASCULINO,6,ENSINO MÉDIO COMPLETO,-3,#NE#
210000035749,2012,88013,PORTO ALEGRE,13,VEREADOR,JAIR HONORIO DA SILVA,2,MASCULINO,7,SUPERIOR INCOMPLETO,-3,#NE#
210000035938,2012,88013,PORTO ALEGRE,13,VEREADOR,ENEIDA FINGER,4,FEMININO,8,SUPERIOR COMPLETO,-3,#NE#
210000000386,2012,88013,PORTO ALEGRE,13,VEREADOR,JOÃO REUS DA SILVA,2,MASCULINO,4,ENSINO FUNDAMENTAL COMPLETO,-3,#NE#
210000017190,2012,88013,PORTO ALEGRE,13,VEREADOR,PAULO ANTÃO AZAMBUJA BAPTISTA,2,MASCULINO,3,ENSINO FUNDAMENTAL INCOMPLETO,-3,#NE#
210000010949,2012,88013,PORTO ALEGRE,13,VEREADOR,JOSE ISMAEL HEINEN,2,MASCULINO,6,ENSINO MÉDIO COMPLETO,-3,#NE#
210000001028,2012,88013,PORTO ALEGRE,13,VEREADOR,RUTH MARIA DE JESUS AMARAL D AMORIM,4,FEMININO,8,SUPERIOR COMPLETO,-3,#NE#
210000000467,2012,88013,PORTO ALEGRE,13,VEREADOR,ORLANDO NOGARETT PIBERNAT DE CARVALHO,2,MASCULINO,8,SUPERIOR COMPLETO,-3,#NE#
210000000464,2012,88013,PORTO ALEGRE,13,VEREADOR,MÁRCIA REGINA DA SILVA,4,FEMININO,7,SUPERIOR INCOMPLETO,-3,#NE#
210000010938,2012,88013,PORTO ALEGRE,13,VEREADOR,FLAVIO KLOVAN,2,MASCULINO,8,SUPERIOR COMPLETO,-3,#NE#
210000000484,2012,88013,PORTO ALEGRE,13,VEREADOR,YASSANAN DE SOUZA COSTA,4,FEMININO,8,SUPERIOR COMPLETO,-3,#NE#
210000018660,2012,88013,PORTO ALEGRE,13,VEREADOR,CLAISON JOSÉ BERNARDINI,2,MASCULINO,6,ENSINO MÉDIO COMPLETO,-3,#NE#
210000017165,2012,88013,PORTO ALEGRE,13,VEREADOR,GENILTON MACEDO RIBEIRO,2,MASCULINO,8,SUPERIOR COMPLETO,-3,#NE#
210000032998,2012,88013,PORTO ALEGRE,13,VEREADOR,JANE MELO SOARES VALLE,4,FEMININO,7,SUPERIOR INCOMPLETO,-3,#NE#
210000010976,2012,88013,PORTO ALEGRE,13,VEREADOR,PAULO RENATO PULZ,2,MASCULINO,6,ENSINO MÉDIO COMPLETO,-3,#NE#
210000010988,2012,88013,PORTO ALEGRE,13,VEREADOR,VERLAU IBA FAGUNDES WERDUM,2,MASCULINO,5,ENSINO MÉDIO INCOMPLETO,-3,#NE#
210000010639,2012,88013,PORTO ALEGRE,13,VEREADOR,PAULO ROBERTO SOARES,2,MASCULINO,5,ENSINO MÉDIO INCOMPLETO,-3,#NE#
210000000444,2012,88013,PORTO ALEGRE,13,VEREADOR,ELISABETE PEREZ REIS,4,FEMININO,8,SUPERIOR COMPLETO,-3,#NE#
210000018679,2012,88013,PORTO ALEGRE,13,VEREADOR,JULIANO CARRICONDE FRIPP,2,MASCULINO,6,ENSINO MÉDIO COMPLETO,-3,#NE#
210000000328,2012,88013,PORTO ALEGRE,13,VEREADOR,LUIZ FABIANO DE SOUZA,2,MASCULINO,2,LÊ E ESCREVE,-3,#NE#
210000029587,2012,88013,PORTO ALEGRE,13,VEREADOR,GILSOMAR DA SILVA,2,MASCULINO,6,ENSINO MÉDIO COMPLETO,-3,#NE#
210000000258,2012,88013,PORTO ALEGRE,11,PREFEITO,MANUELA PINTO VIEIRA D AVILA,4,FEMININO,8,SUPERIOR COMPLETO,-3,#NE#
210000028984,2012,88013,PORTO ALEGRE,13,VEREADOR,GUILHERME MAYRHOFER FONSECA,2,MASCULINO,8,SUPERIOR COMPLETO,-3,#NE#
210000010922,2012,88013,PORTO ALEGRE,13,VEREADOR,ARNALDO BECK,2,MASCULINO,3,ENSINO FUNDAMENTAL INCOMPLETO,-3,#NE#
210000001018,2012,88013,PORTO ALEGRE,13,VEREADOR,PABLO SEBASTIAN ANDRADE DE MELO,2,MASCULINO,7,SUPERIOR INCOMPLETO,-3,#NE#
210000004265,2012,88013,PORTO ALEGRE,13,VEREADOR,JAIRES DA SILVA MACIEL,2,MASCULINO,8,SUPERIOR COMPLETO,-3,#NE#
210000010610,2012,88013,PORTO ALEGRE,13,VEREADOR,ENODIR NAZARENO BARBOSA,2,MASCULINO,8,SUPERIOR COMPLETO,-3,#NE#
210000033999,2012,88013,PORTO ALEGRE,13,VEREADOR,ROBERTO VILODRE DE SOUZA,2,MASCULINO,6,ENSINO MÉDIO COMPLETO,-3,#NE#
210000032982,2012,88013,PORTO ALEGRE,13,VEREADOR,ANA ELISA PRATES,4,FEMININO,8,SUPERIOR COMPLETO,-3,#NE#
210000035732,2012,88013,PORTO ALEGRE,13,VEREADOR,JOCEANE LOUREIRO CAETANO,4,FEMININO,3,ENSINO FUNDAMENTAL INCOMPLETO,-3,#NE#
210000029984,2012,88013,PORTO ALEGRE,13,VEREADOR,MARIA CRISTINA FRAGA LOMBARDI,4,FEMININO,7,SUPERIOR INCOMPLETO,-3,#NE#
210000000455,2012,88013,PORTO ALEGRE,13,VEREADOR,JOSE CARLOS SERPA PINGO VILAR,2,MASCULINO,6,ENSINO MÉDIO COMPLETO,-3,#NE#
210000000441,2012,88013,PORTO ALEGRE,13,VEREADOR,CÁSSIO DE JESUS TROGILDO,2,MASCULINO,8,SUPERIOR COMPLETO,-3,#NE#
210000028983,2012,88013,PORTO ALEGRE,13,VEREADOR,MARIA EUNICE RODRIGUES PEREIRA,4,FEMININO,6,ENSINO MÉDIO COMPLETO,-3,#NE#
210000000366,2012,88013,PORTO ALEGRE,13,VEREADOR,ANTONIO INÁCIO MATOS DA SILVA,2,MASCULINO,7,SUPERIOR INCOMPLETO,-3,#NE#
210000010621,2012,88013,PORTO ALEGRE,13,VEREADOR,LEONARDO MESQUITA SORIANO,2,MASCULINO,7,SUPERIOR INCOMPLETO,-3,#NE#
210000035029,2012,88013,PORTO ALEGRE,13,VEREADOR,ADRIENNE PEIXOTO CARDOSO,4,FEMININO,6,ENSINO MÉDIO COMPLETO,-3,#NE#
210000029761,2012,88013,PORTO ALEGRE,13,VEREADOR,LUIZ FERNANDO SCHREINER MORAES,2,MASCULINO,8,SUPERIOR COMPLETO,-3,#NE#
210000018665,2012,88013,PORTO ALEGRE,13,VEREADOR,ERNANI GLORIO MARCHIORETTO,2,MASCULINO,8,SUPERIOR COMPLETO,-3,#NE#
210000010974,2012,88013,PORTO ALEGRE,13,VEREADOR,NEREU D AVILA,2,MASCULINO,8,SUPERIOR COMPLETO,-3,#NE#
210000028712,2012,88013,PORTO ALEGRE,13,VEREADOR,PAULO CESAR SANTOS DA SILVA,2,MASCULINO,3,ENSINO FUNDAMENTAL INCOMPLETO,-3,#NE#
210000010964,2012,88013,PORTO ALEGRE,13,VEREADOR,MARCELO REMIÃO FRANCIOSI,2,MASCULINO,8,SUPERIOR COMPLETO,-3,#NE#
210000018652,2012,88013,PORTO ALEGRE,13,VEREADOR,ALEX SANDRO NUNES DA ROSA,2,MASCULINO,6,ENSINO MÉDIO COMPLETO,-3,#NE#
210000000460,2012,88013,PORTO ALEGRE,13,VEREADOR,LUIZ VALDENIR DA SILVA MEDEIROS,2,MASCULINO,6,ENSINO MÉDIO COMPLETO,-3,#NE#
210000010966,2012,88013,PORTO ALEGRE,13,VEREADOR,MARIA LUIZA GONÇALVES NEVES,4,FEMININO,8,SUPERIOR COMPLETO,-3,#NE#
210000000388,2012,88013,PORTO ALEGRE,13,VEREADOR,JÚLIO LOPES DOS SANTOS,2,MASCULINO,6,ENSINO MÉDIO COMPLETO,-3,#NE#
210000010932,2012,88013,PORTO ALEGRE,13,VEREADOR,CLEITON SILVESTRE MUNHOZ DE FREITAS,2,MASCULINO,8,SUPERIOR COMPLETO,-3,#NE#
210000010598,2012,88013,PORTO ALEGRE,13,VEREADOR,ANGELITA PINTO DE SOUZA,4,FEMININO,7,SUPERIOR INCOMPLETO,-3,#NE#
210000000292,2012,88013,PORTO ALEGRE,13,VEREADOR,ALEXANDRE DIAS ABREU,2,MASCULINO,8,SUPERIOR COMPLETO,-3,#NE#
210000001004,2012,88013,PORTO ALEGRE,13,VEREADOR,MARCIO NEVES RAMOS,2,MASCULINO,7,SUPERIOR INCOMPLETO,-3,#NE#
210000010934,2012,88013,PORTO ALEGRE,13,VEREADOR,DÊIVID BERED SALDANHA,2,MASCULINO,5,ENSINO MÉDIO INCOMPLETO,-3,#NE#
210000000995,2012,88013,PORTO ALEGRE,13,VEREADOR,ISAURA MARIA SILVA,4,FEMININO,4,ENSINO FUNDAMENTAL COMPLETO,-3,#NE#
210000001014,2012,88013,PORTO ALEGRE,13,VEREADOR,OSORIO AFONSO DE QUEIROZ JUNIOR,2,MASCULINO,8,SUPERIOR COMPLETO,-3,#NE#
210000017162,2012,88013,PORTO ALEGRE,13,VEREADOR,CRISTINA DE SOUZA MUTTE,4,FEMININO,3,ENSINO FUNDAMENTAL INCOMPLETO,-3,#NE#
210000034504,2012,88013,PORTO ALEGRE,13,VEREADOR,ADRIAN FRAGA RIBEIRO SLASKI,2,MASCULINO,8,SUPERIOR COMPLETO,-3,#NE#
210000000383,2012,88013,PORTO ALEGRE,13,VEREADOR,JANQUIEL ZENI PAPINI,2,MASCULINO,7,SUPERIOR INCOMPLETO,-3,#NE#
210000032997,2012,88013,PORTO ALEGRE,13,VEREADOR,IVO HENRIQUE STREB,2,MASCULINO,7,SUPERIOR INCOMPLETO,-3,#NE#
210000010644,2012,88013,PORTO ALEGRE,13,VEREADOR,RAFAEL RODRIGO DA SILVA CAVALHEIRO,2,MASCULINO,8,SUPERIOR COMPLETO,-3,#NE#
210000033237,2012,88013,PORTO ALEGRE,13,VEREADOR,ROGERIO FRAGA SCHVARSTZHAUPT,2,MASCULINO,7,SUPERIOR INCOMPLETO,-3,#NE#
210000017156,2012,88013,PORTO ALEGRE,13,VEREADOR,ANTÔNIO LUIZ BRAZ,2,MASCULINO,8,SUPERIOR COMPLETO,-3,#NE#
210000001003,2012,88013,PORTO ALEGRE,13,VEREADOR,LUIZ CARLOS WARTH BICHINHO,2,MASCULINO,6,ENSINO MÉDIO COMPLETO,-3,#NE#
210000000406,2012,88013,PORTO ALEGRE,13,VEREADOR,VERA LUCIA ROSA,4,FEMININO,7,SUPERIOR INCOMPLETO,-3,#NE#
210000000369,2012,88013,PORTO ALEGRE,13,VEREADOR,CARLOS ATÍLIO TODESCHINI,2,MASCULINO,8,SUPERIOR COMPLETO,-3,#NE#
210000018677,2012,88013,PORTO ALEGRE,13,VEREADOR,JORGE DILSON RIGOLI,2,MASCULINO,7,SUPERIOR INCOMPLETO,-3,#NE#
210000001007,2012,88013,PORTO ALEGRE,13,VEREADOR,MARIA SALETE ARPINI,4,FEMININO,8,SUPERIOR COMPLETO,-3,#NE#
210000000336,2012,88013,PORTO ALEGRE,13,VEREADOR,NERY VOLTERREIS MULLER ANNES,2,MASCULINO,2,LÊ E ESCREVE,-3,#NE#
210000032986,2012,88013,PORTO ALEGRE,13,VEREADOR,CARLOS EDUARDO DOS SANTOS LIMA,2,MASCULINO,8,SUPERIOR COMPLETO,-3,#NE#
210000010984,2012,88013,PORTO ALEGRE,13,VEREADOR,SÉRGIO ANTONIO ROSA,2,MASCULINO,7,SUPERIOR INCOMPLETO,-3,#NE#
210000000476,2012,88013,PORTO ALEGRE,13,VEREADOR,RUBENS MILLMAN,2,MASCULINO,8,SUPERIOR COMPLETO,-3,#NE#
210000018674,2012,88013,PORTO ALEGRE,13,VEREADOR,IVONEI MATTOS FONTOURA,2,MASCULINO,7,SUPERIOR INCOMPLETO,-3,#NE#
210000010947,2012,88013,PORTO ALEGRE,13,VEREADOR,JORGE LUIS SILVA DE AZEVEDO,2,MASCULINO,7,SUPERIOR INCOMPLETO,-3,#NE#
210000028685,2012,88013,PORTO ALEGRE,13,VEREADOR,JORGE RICARDO FISCHER PIGATTO,2,MASCULINO,8,SUPERIOR COMPLETO,-3,#NE#
210000017176,2012,88013,PORTO ALEGRE,13,VEREADOR,LENIRA BAGESTEIRO QUINTAL DA FONTOURA,4,FEMININO,8,SUPERIOR COMPLETO,-3,#NE#
210000028954,2012,88013,PORTO ALEGRE,13,VEREADOR,ENIO JOSÉ HORLLE MENEGHETTI,2,MASCULINO,8,SUPERIOR COMPLETO,-3,#NE#
210000028645,2012,88013,PORTO ALEGRE,13,VEREADOR,WALTER SOUZA CORREA,2,MASCULINO,6,ENSINO MÉDIO COMPLETO,-3,#NE#
210000001305,2012,88013,PORTO ALEGRE,13,VEREADOR,JOÃO ALVES VALENCIO,2,MASCULINO,3,ENSINO FUNDAMENTAL INCOMPLETO,-3,#NE#
210000001022,2012,88013,PORTO ALEGRE,13,VEREADOR,PLINIO ALEXANDRE ZALEWSKI VARGAS,2,MASCULINO,7,SUPERIOR INCOMPLETO,-3,#NE#
210000017202,2012,88013,PORTO ALEGRE,13,VEREADOR,SERGIO FETT SPARTA DE SOUZA,2,MASCULINO,8,SUPERIOR COMPLETO,-3,#NE#
210000001033,2012,88013,PORTO ALEGRE,13,VEREADOR,VALTER LUIS DA COSTA NAGELSTEIN,2,MASCULINO,8,SUPERIOR COMPLETO,-3,#NE#
210000000354,2012,88013,PORTO ALEGRE,13,VEREADOR,WALDEMAR MOURA LIMA,2,MASCULINO,6,ENSINO MÉDIO COMPLETO,-3,#NE#
210000017167,2012,88013,PORTO ALEGRE,13,VEREADOR,ISACC SPRINZ,2,MASCULINO,8,SUPERIOR COMPLETO,-3,#NE#
210000032994,2012,88013,PORTO ALEGRE,13,VEREADOR,GABRIELA CAROLINA CATTANI DELORD,4,FEMININO,8,SUPERIOR COMPLETO,-3,#NE#
210000010933,2012,88013,PORTO ALEGRE,13,VEREADOR,DIOGENES LUIZ LIMA DA SILVA,2,MASCULINO,5,ENSINO MÉDIO INCOMPLETO,-3,#NE#
210000010606,2012,88013,PORTO ALEGRE,13,VEREADOR,DENISE FERRAZ DA SILVA,4,FEMININO,3,ENSINO FUNDAMENTAL INCOMPLETO,-3,#NE#
210000000392,2012,88013,PORTO ALEGRE,13,VEREADOR,LUIZ FRANCISCO CARRINHO DE OLIVEIRA,2,MASCULINO,4,ENSINO FUNDAMENTAL COMPLETO,-3,#NE#
210000017157,2012,88013,PORTO ALEGRE,13,VEREADOR,ARGEU DA SILVA BRUM,2,MASCULINO,8,SUPERIOR COMPLETO,-3,#NE#
210000010940,2012,88013,PORTO ALEGRE,13,VEREADOR,GILMAR DRAGO,2,MASCULINO,7,SUPERIOR INCOMPLETO,-3,#NE#
210000000371,2012,88013,PORTO ALEGRE,13,VEREADOR,CAROLINA ROLIM SEGGER,4,FEMININO,7,SUPERIOR INCOMPLETO,-3,#NE#
210000000433,2012,88013,PORTO ALEGRE,13,VEREADOR,ANDERSON ALBERTO MARTINS OTT,2,MASCULINO,7,SUPERIOR INCOMPLETO,-3,#NE#
210000000339,2012,88013,PORTO ALEGRE,13,VEREADOR,PAULO ANTONIO DA COSTA,2,MASCULINO,8,SUPERIOR COMPLETO,-3,#NE#
210000001030,2012,88013,PORTO ALEGRE,13,VEREADOR,SANDRO BORGES DA ROSA,2,MASCULINO,7,SUPERIOR INCOMPLETO,-3,#NE#
210000029980,2012,88013,PORTO ALEGRE,13,VEREADOR,CLOVIS DOS PASSOS,2,MASCULINO,4,ENSINO FUNDAMENTAL COMPLETO,-3,#NE#
210000017171,2012,88013,PORTO ALEGRE,13,VEREADOR,JORGE HORÁCIO CORRÊA,2,MASCULINO,8,SUPERIOR COMPLETO,-3,#NE#
210000010601,2012,88013,PORTO ALEGRE,13,VEREADOR,CAREN MAURICEIA GONÇALVES LEITE,4,FEMININO,4,ENSINO FUNDAMENTAL COMPLETO,-3,#NE#
210000033004,2012,88013,PORTO ALEGRE,13,VEREADOR,JULIO CESAR FERREIRA VOLINO,2,MASCULINO,6,ENSINO MÉDIO COMPLETO,-3,#NE#
210000010919,2012,88013,PORTO ALEGRE,13,VEREADOR,ANA MARIA DE ARAUJO COSTA MAIA,4,FEMININO,6,ENSINO MÉDIO COMPLETO,-3,#NE#
210000010624,2012,88013,PORTO ALEGRE,13,VEREADOR,MAGDA VIVIANE DE DEUS DOS SANTOS,4,FEMININO,6,ENSINO MÉDIO COMPLETO,-3,#NE#
210000010630,2012,88013,PORTO ALEGRE,13,VEREADOR,MARTA DE SOUZA,4,FEMININO,7,SUPERIOR INCOMPLETO,-3,#NE#
210000000303,2012,88013,PORTO ALEGRE,13,VEREADOR,CIRILO DUTRA BARBOSA,2,MASCULINO,6,ENSINO MÉDIO COMPLETO,-3,#NE#
210000010599,2012,88013,PORTO ALEGRE,13,VEREADOR,ANTONIO CARLOS MORAES DUARTE,2,MASCULINO,6,ENSINO MÉDIO COMPLETO,-3,#NE#
210000018654,2012,88013,PORTO ALEGRE,13,VEREADOR,ANTONIO LETTIERI,2,MASCULINO,4,ENSINO FUNDAMENTAL COMPLETO,-3,#NE#
210000000478,2012,88013,PORTO ALEGRE,13,VEREADOR,SILVIA SILVEIRA RODRIGUES,4,FEMININO,4,ENSINO FUNDAMENTAL COMPLETO,-3,#NE#
210000010963,2012,88013,PORTO ALEGRE,13,VEREADOR,LUPICINIO JORGE QUEVEDO RODRIGUES,2,MASCULINO,8,SUPERIOR COMPLETO,-3,#NE#
210000010977,2012,88013,PORTO ALEGRE,13,VEREADOR,RAUL FERNANDO COHEN,2,MASCULINO,8,SUPERIOR COMPLETO,-3,#NE#
210000000343,2012,88013,PORTO ALEGRE,13,VEREADOR,PEDRO OLIVIO PEREIRA VALIN,2,MASCULINO,6,ENSINO MÉDIO COMPLETO,-3,#NE#
210000000311,2012,88013,PORTO ALEGRE,13,VEREADOR,EDUARDO NUNES DA SILVA,2,MASCULINO,8,SUPERIOR COMPLETO,-3,#NE#
210000034002,2012,88013,PORTO ALEGRE,13,VEREADOR,MAURA ROSANE FERNANDES DE CASTRO,4,FEMININO,7,SUPERIOR INCOMPLETO,-3,#NE#
210000033012,2012,88013,PORTO ALEGRE,13,VEREADOR,LUIZ REINALDO FRANÇA PINTO,2,MASCULINO,8,SUPERIOR COMPLETO,-3,#NE#
210000018689,2012,88013,PORTO ALEGRE,13,VEREADOR,NEIVA INES LAZZAROTTO,4,FEMININO,8,SUPERIOR COMPLETO,-3,#NE#
210000010931,2012,88013,PORTO ALEGRE,13,VEREADOR,CLEDIR STURZBECHER RIBEIRO,2,MASCULINO,8,SUPERIOR COMPLETO,-3,#NE#
210000018678,2012,88013,PORTO ALEGRE,13,VEREADOR,JOÃO EZEQUIEL MENDONÇA DA SILVA,2,MASCULINO,6,ENSINO MÉDIO COMPLETO,-3,#NE#
210000030239,2012,88013,PORTO ALEGRE,13,VEREADOR,JOE LUIS DOS SANTOS,2,MASCULINO,6,ENSINO MÉDIO COMPLETO,-3,#NE#
210000029610,2012,88013,PORTO ALEGRE,13,VEREADOR,GUARACI NUNES DA SILVA,2,MASCULINO,4,ENSINO FUNDAMENTAL COMPLETO,-3,#NE#
210000010650,2012,88013,PORTO ALEGRE,13,VEREADOR,THYAGO SOUZA COSTA,2,MASCULINO,8,SUPERIOR COMPLETO,-3,#NE#
210000029981,2012,88013,PORTO ALEGRE,13,VEREADOR,JOMAR FLORINDO SILVEIRA DOS SANTOS,2,MASCULINO,6,ENSINO MÉDIO COMPLETO,-3,#NE#
210000018657,2012,88013,PORTO ALEGRE,13,VEREADOR,BEATRIZ GERHARDT,4,FEMININO,8,SUPERIOR COMPLETO,-3,#NE#
210000000346,2012,88013,PORTO ALEGRE,13,VEREADOR,RODRIGO MARINI MARONI,2,MASCULINO,7,SUPERIOR INCOMPLETO,-3,#NE#
210000000458,2012,88013,PORTO ALEGRE,13,VEREADOR,LAURO BARRETO DOS SANTOS,2,MASCULINO,8,SUPERIOR COMPLETO,-3,#NE#
210000018669,2012,88013,PORTO ALEGRE,13,VEREADOR,GERSON LUIS ROLIM,2,MASCULINO,8,SUPERIOR COMPLETO,-3,#NE#
210000000389,2012,88013,PORTO ALEGRE,13,VEREADOR,LEILA VALENCIO DA SILVA,4,FEMININO,8,SUPERIOR COMPLETO,-3,#NE#
210000000380,2012,88013,PORTO ALEGRE,13,VEREADOR,GUSTAVO DA SILVEIRA BECKER,2,MASCULINO,6,ENSINO MÉDIO COMPLETO,-3,#NE#
210000029988,2012,88013,PORTO ALEGRE,13,VEREADOR,WANDA LUCIA DE SOUZA,4,FEMININO,8,SUPERIOR COMPLETO,-3,#NE#
210000000384,2012,88013,PORTO ALEGRE,13,VEREADOR,JOSUÉ MARQUES ROSA,2,MASCULINO,8,SUPERIOR COMPLETO,-3,#NE#
210000000342,2012,88013,PORTO ALEGRE,13,VEREADOR,PAULO RICARDO DA SILVA,2,MASCULINO,2,LÊ E ESCREVE,-3,#NE#
210000000359,2012,88013,PORTO ALEGRE,13,VEREADOR,ADELI SELL,2,MASCULINO,8,SUPERIOR COMPLETO,-3,#NE#
210000000341,2012,88013,PORTO ALEGRE,13,VEREADOR,PAULO FERNANDO BICCA GUIMARAES,2,MASCULINO,8,SUPERIOR COMPLETO,-3,#NE#
210000018663,2012,88013,PORTO ALEGRE,13,VEREADOR,EMERSON MARTINS DUTRA,2,MASCULINO,6,ENSINO MÉDIO COMPLETO,-3,#NE#
210000010645,2012,88013,PORTO ALEGRE,13,VEREADOR,ROBERTO DAVID TEVAH,2,MASCULINO,8,SUPERIOR COMPLETO,-3,#NE#
210000010955,2012,88013,PORTO ALEGRE,13,VEREADOR,KEVIN CHAVES KRIEGER,2,MASCULINO,6,ENSINO MÉDIO COMPLETO,-3,#NE#
210000000355,2012,88013,PORTO ALEGRE,11,PREFEITO,ADÃO ROBERTO RODRIGUES VILLAVERDE,2,MASCULINO,8,SUPERIOR COMPLETO,-3,#NE#
210000010616,2012,88013,PORTO ALEGRE,13,VEREADOR,JORGE ALBERTO KAUS DA SILVA,2,MASCULINO,6,ENSINO MÉDIO COMPLETO,-3,#NE#
210000018695,2012,88013,PORTO ALEGRE,13,VEREADOR,TATIRRÊ PROCÓPIO PAZ,4,FEMININO,7,SUPERIOR INCOMPLETO,-3,#NE#
210000018696,2012,88013,PORTO ALEGRE,13,VEREADOR,TÁSSIA LOPES DOS SANTOS,4,FEMININO,7,SUPERIOR INCOMPLETO,-3,#NE#
210000010640,2012,88013,PORTO ALEGRE,13,VEREADOR,PAULO SÉRGIO ALVES DOS SANTOS,2,MASCULINO,6,ENSINO MÉDIO COMPLETO,-3,#NE#
210000010615,2012,88013,PORTO ALEGRE,13,VEREADOR,JONI EDSON DA SILVA MACHADO,2,MASCULINO,6,ENSINO MÉDIO COMPLETO,-3,#NE#
210000010927,2012,88013,PORTO ALEGRE,13,VEREADOR,CARLOS DAVID PARIZOTTO DA SILVA,2,MASCULINO,6,ENSINO MÉDIO COMPLETO,-3,#NE#
210000030093,2012,88013,PORTO ALEGRE,13,VEREADOR,SERGIO RIBEIRO DE CAMPOS,2,MASCULINO,6,ENSINO MÉDIO COMPLETO,-3,#NE#
210000000482,2012,88013,PORTO ALEGRE,13,VEREADOR,VERA LUCIA TEIXEIRA PEDROZO,4,FEMININO,8,SUPERIOR COMPLETO,-3,#NE#
210000017152,2012,88013,PORTO ALEGRE,13,VEREADOR,ABILIO MOREIRA,2,MASCULINO,6,ENSINO MÉDIO COMPLETO,-3,#NE#
210000010648,2012,88013,PORTO ALEGRE,13,VEREADOR,SERGIO DILNEI MOTTA HALFEN,2,MASCULINO,6,ENSINO MÉDIO COMPLETO,-3,#NE#
210000032991,2012,88013,PORTO ALEGRE,13,VEREADOR,EDUARDO BOCHI DE SALES,2,MASCULINO,8,SUPERIOR COMPLETO,-3,#NE#
210000018590,2012,88013,PORTO ALEGRE,11,PREFEITO,CARLOS ROBERTO DE SOUZA ROBAINA,2,MASCULINO,8,SUPERIOR COMPLETO,-3,#NE#
210000018653,2012,88013,PORTO ALEGRE,13,VEREADOR,ALEXSANDER FRAGA DA SILVA,2,MASCULINO,8,SUPERIOR COMPLETO,-3,#NE#
210000000325,2012,88013,PORTO ALEGRE,13,VEREADOR,LETICIA GIARDIN DE SOUZA,4,FEMININO,7,SUPERIOR INCOMPLETO,-3,#NE#
210000000351,2012,88013,PORTO ALEGRE,13,VEREADOR,TICIANA DE OLIVEIRA ALVARES,4,FEMININO,6,ENSINO MÉDIO COMPLETO,-3,#NE#
210000032923,2012,88013,PORTO ALEGRE,13,VEREADOR,MYRELA LEITÃO BARROS,4,FEMININO,8,SUPERIOR COMPLETO,-3,#NE#
210000032920,2012,88013,PORTO ALEGRE,13,VEREADOR,JULIO CEZAR LEIRIAS FLORES,2,MASCULINO,8,SUPERIOR COMPLETO,-3,#NE#
210000010951,2012,88013,PORTO ALEGRE,13,VEREADOR,JOSÉ CLAUDEMIR MARTINS CARVALHO,2,MASCULINO,6,ENSINO MÉDIO COMPLETO,-3,#NE#
210000033002,2012,88013,PORTO ALEGRE,13,VEREADOR,JOSÉ DELMAR SILVEIRA DE ARAÚJO,2,MASCULINO,7,SUPERIOR INCOMPLETO,-3,#NE#
210000017193,2012,88013,PORTO ALEGRE,13,VEREADOR,PAULO ROBERTO SALAZAR DA SILVEIRA,2,MASCULINO,6,ENSINO MÉDIO COMPLETO,-3,#NE#
210000029712,2012,88013,PORTO ALEGRE,13,VEREADOR,ROSANA FIGUEIRÓ ROSA,4,FEMININO,6,ENSINO MÉDIO COMPLETO,-3,#NE#
210000032981,2012,88013,PORTO ALEGRE,13,VEREADOR,ALICE COMASSETTO,4,FEMININO,8,SUPERIOR COMPLETO,-3,#NE#
210000028870,2012,88013,PORTO ALEGRE,13,VEREADOR,NORTON BOTH NUNES,2,MASCULINO,5,ENSINO MÉDIO INCOMPLETO,-3,#NE#
210000000451,2012,88013,PORTO ALEGRE,13,VEREADOR,HUMBERTO CIULLA GOULART,2,MASCULINO,8,SUPERIOR COMPLETO,-3,#NE#
210000000475,2012,88013,PORTO ALEGRE,13,VEREADOR,ROSA ALBINA DA SILVA VARGAS,4,FEMININO,8,SUPERIOR COMPLETO,-3,#NE#
210000000299,2012,88013,PORTO ALEGRE,13,VEREADOR,AURELIO SIDNEI SILVEIRA NOGUEIRA,2,MASCULINO,6,ENSINO MÉDIO COMPLETO,-3,#NE#
210000029976,2012,88013,PORTO ALEGRE,13,VEREADOR,AMILTON ROCHA DE SOUZA,2,MASCULINO,6,ENSINO MÉDIO COMPLETO,-3,#NE#
210000028927,2012,88013,PORTO ALEGRE,13,VEREADOR,FRANCISCO FERRARI,2,MASCULINO,8,SUPERIOR COMPLETO,-3,#NE#
210000000313,2012,88013,PORTO ALEGRE,13,VEREADOR,FLAVIO BECCO MENEZES,2,MASCULINO,6,ENSINO MÉDIO COMPLETO,-3,#NE#
210000018693,2012,88013,PORTO ALEGRE,13,VEREADOR,PETRO ODEMAR DE OLIVEIRA,2,MASCULINO,6,ENSINO MÉDIO COMPLETO,-3,#NE#
210000032922,2012,88013,PORTO ALEGRE,13,VEREADOR,MATHEUS PEREIRA GOMES,2,MASCULINO,7,SUPERIOR INCOMPLETO,-3,#NE#
210000032919,2012,88013,PORTO ALEGRE,13,VEREADOR,JOÃO AUGUSTO DE MORAES GOMES,2,MASCULINO,7,SUPERIOR INCOMPLETO,-3,#NE#
210000010600,2012,88013,PORTO ALEGRE,13,VEREADOR,ARACY MARIA TEDESCO BUENO,4,FEMININO,7,SUPERIOR INCOMPLETO,-3,#NE#
210000000340,2012,88013,PORTO ALEGRE,13,VEREADOR,PAULO CESAR RAMIRES BOEIRA,2,MASCULINO,6,ENSINO MÉDIO COMPLETO,-3,#NE#
210000000438,2012,88013,PORTO ALEGRE,13,VEREADOR,CARMEN ROSANE STEINERT,4,FEMININO,6,ENSINO MÉDIO COMPLETO,-3,#NE#
210000000373,2012,88013,PORTO ALEGRE,13,VEREADOR,CHRISTIANO DE OLIVEIRA GARCIA,2,MASCULINO,6,ENSINO MÉDIO COMPLETO,-3,#NE#
210000010939,2012,88013,PORTO ALEGRE,13,VEREADOR,GERUZA PEIXOTO PRIEB,4,FEMININO,8,SUPERIOR COMPLETO,-3,#NE#
210000010989,2012,88013,PORTO ALEGRE,13,VEREADOR,VITOR HUGO DE ALCÂNTARA FILHO,2,MASCULINO,7,SUPERIOR INCOMPLETO,-3,#NE#
210000001000,2012,88013,PORTO ALEGRE,13,VEREADOR,LIDSON RODRIGUES BASSANI,2,MASCULINO,7,SUPERIOR INCOMPLETO,-3,#NE#
210000000329,2012,88013,PORTO ALEGRE,13,VEREADOR,LUIZ FERNANDO BRANCO LEMOS,2,MASCULINO,8,SUPERIOR COMPLETO,-3,#NE#
210000029982,2012,88013,PORTO ALEGRE,13,VEREADOR,JUAREZ PAULO FABRICIO NEVES,2,MASCULINO,4,ENSINO FUNDAMENTAL COMPLETO,-3,#NE#
210000001010,2012,88013,PORTO ALEGRE,13,VEREADOR,MIGUEL CIPRIANO MACHADO VEIGA,2,MASCULINO,3,ENSINO FUNDAMENTAL INCOMPLETO,-3,#NE#
210000000367,2012,88013,PORTO ALEGRE,13,VEREADOR,ARIANE CHAGAS LEITÃO,4,FEMININO,8,SUPERIOR COMPLETO,-3,#NE#
210000000378,2012,88013,PORTO ALEGRE,13,VEREADOR,EDUARDO KOEHLER BEHNCK,2,MASCULINO,4,ENSINO FUNDAMENTAL COMPLETO,-3,#NE#
210000000332,2012,88013,PORTO ALEGRE,13,VEREADOR,MARIA JOSE SILVA DA SILVA,4,FEMININO,6,ENSINO MÉDIO COMPLETO,-3,#NE#
210000029983,2012,88013,PORTO ALEGRE,13,VEREADOR,LENI THOMAZ GOMES,4,FEMININO,6,ENSINO MÉDIO COMPLETO,-3,#NE#
210000000474,2012,88013,PORTO ALEGRE,13,VEREADOR,RONI ANGELO FERRARI,2,MASCULINO,4,ENSINO FUNDAMENTAL COMPLETO,-3,#NE#
210000029612,2012,88013,PORTO ALEGRE,13,VEREADOR,GICELE DE AZEVEDO MELO,4,FEMININO,5,ENSINO MÉDIO INCOMPLETO,-3,#NE#
210000010943,2012,88013,PORTO ALEGRE,13,VEREADOR,IVO GUARACI LEIVAS,2,MASCULINO,8,SUPERIOR COMPLETO,-3,#NE#
210000010978,2012,88013,PORTO ALEGRE,13,VEREADOR,ROBERTO PONTES DIAS DE OLIVEIRA,2,MASCULINO,8,SUPERIOR COMPLETO,-3,#NE#
210000017192,2012,88013,PORTO ALEGRE,13,VEREADOR,PAULO RICARDO DE SOUZA FURTADO,2,MASCULINO,6,ENSINO MÉDIO COMPLETO,-3,#NE#
210000001012,2012,88013,PORTO ALEGRE,13,VEREADOR,NEI NADVORNY,2,MASCULINO,8,SUPERIOR COMPLETO,-3,#NE#
210000010928,2012,88013,PORTO ALEGRE,13,VEREADOR,CESAR RODRIGUES RIBEIRO,2,MASCULINO,6,ENSINO MÉDIO COMPLETO,-3,#NE#
210000000323,2012,88013,PORTO ALEGRE,13,VEREADOR,JULIO CESAR DE SOUZA GONCALVES,2,MASCULINO,8,SUPERIOR COMPLETO,-3,#NE#
210000010936,2012,88013,PORTO ALEGRE,13,VEREADOR,ENILDA PINHEIRO,4,FEMININO,6,ENSINO MÉDIO COMPLETO,-3,#NE#
210000000998,2012,88013,PORTO ALEGRE,13,VEREADOR,JOÃO ANTONIO DA SILVA ROSA,2,MASCULINO,8,SUPERIOR COMPLETO,-3,#NE#
210000017155,2012,88013,PORTO ALEGRE,13,VEREADOR,ANTONIO MAXIMILIANO DOS SANTOS CONCEIÇÃO,2,MASCULINO,3,ENSINO FUNDAMENTAL INCOMPLETO,-3,#NE#
210000000454,2012,88013,PORTO ALEGRE,13,VEREADOR,JOEL RIBEIRO DOS SANTOS,2,MASCULINO,4,ENSINO FUNDAMENTAL COMPLETO,-3,#NE#
210000017185,2012,88013,PORTO ALEGRE,13,VEREADOR,MOISES DA SILVA BARBOZA,2,MASCULINO,8,SUPERIOR COMPLETO,-3,#NE#
210000010952,2012,88013,PORTO ALEGRE,13,VEREADOR,JOSÉ PAULO DE OLIVEIRA BARROS,2,MASCULINO,8,SUPERIOR COMPLETO,-3,#NE#
210000000304,2012,88013,PORTO ALEGRE,13,VEREADOR,CIRO JOEL LEMOS,2,MASCULINO,8,SUPERIOR COMPLETO,-3,#NE#
210000017204,2012,88013,PORTO ALEGRE,13,VEREADOR,TATIANE HECK,4,FEMININO,6,ENSINO MÉDIO COMPLETO,-3,#NE#
210000010981,2012,88013,PORTO ALEGRE,13,VEREADOR,SANDRO LUIS VIEIRA ABBADE,2,MASCULINO,7,SUPERIOR INCOMPLETO,-3,#NE#
210000032995,2012,88013,PORTO ALEGRE,13,VEREADOR,INDAIA TERESINHA FRAGA,4,FEMININO,6,ENSINO MÉDIO COMPLETO,-3,#NE#
210000000360,2012,88013,PORTO ALEGRE,13,VEREADOR,ADILSO LUÍS PIMENTEL CORLASSOLI,2,MASCULINO,8,SUPERIOR COMPLETO,-3,#NE#
210000000353,2012,88013,PORTO ALEGRE,13,VEREADOR,VITOR HUGO NARCISO,2,MASCULINO,2,LÊ E ESCREVE,-3,#NE#
210000017187,2012,88013,PORTO ALEGRE,13,VEREADOR,NELISE SIROVEC,4,FEMININO,6,ENSINO MÉDIO COMPLETO,-3,#NE#
210000032918,2012,88013,PORTO ALEGRE,13,VEREADOR,DAVID ERNESTO LANDAU RUBBO,2,MASCULINO,8,SUPERIOR COMPLETO,-3,#NE#
210000018680,2012,88013,PORTO ALEGRE,13,VEREADOR,LEANDRO RAMOS CAMBRAIA,2,MASCULINO,6,ENSINO MÉDIO COMPLETO,-3,#NE#
210000000397,2012,88013,PORTO ALEGRE,13,VEREADOR,MARIA CLAUDETE MELO SANTO,4,FEMININO,4,ENSINO FUNDAMENTAL COMPLETO,-3,#NE#
210000000297,2012,88013,PORTO ALEGRE,13,VEREADOR,ANDRESSA BEATRIZ SILVA DA SILVA,4,FEMININO,3,ENSINO FUNDAMENTAL INCOMPLETO,-3,#NE#
210000010651,2012,88013,PORTO ALEGRE,13,VEREADOR,UBIRAJARA RIBEIRO DA ROCHA,2,MASCULINO,6,ENSINO MÉDIO COMPLETO,-3,#NE#
210000018683,2012,88013,PORTO ALEGRE,13,VEREADOR,LUCIANA KREBS GENRO,4,FEMININO,8,SUPERIOR COMPLETO,-3,#NE#
210000000326,2012,88013,PORTO ALEGRE,13,VEREADOR,LUIS AMARO PRESTES DE OLIVEIRA,2,MASCULINO,3,ENSINO FUNDAMENTAL INCOMPLETO,-3,#NE#
210000032921,2012,88013,PORTO ALEGRE,13,VEREADOR,KATIELLE DE OLIVEIRA FELIX,4,FEMININO,7,SUPERIOR INCOMPLETO,-3,#NE#
210000000338,2012,88013,PORTO ALEGRE,13,VEREADOR,PATRICIA MARIA MENNA BARRETO,4,FEMININO,6,ENSINO MÉDIO COMPLETO,-3,#NE#
210000033005,2012,88013,PORTO ALEGRE,13,VEREADOR,LENON ANTUNES LEOPOLDO BIER,2,MASCULINO,8,SUPERIOR COMPLETO,-3,#NE#
210000000442,2012,88013,PORTO ALEGRE,13,VEREADOR,DARI RODRIGUES DA SILVA,2,MASCULINO,6,ENSINO MÉDIO COMPLETO,-3,#NE#
210000010619,2012,88013,PORTO ALEGRE,13,VEREADOR,JOSÉ PAULO GRACIOLI,2,MASCULINO,8,SUPERIOR COMPLETO,-3,#NE#
210000017166,2012,88013,PORTO ALEGRE,13,VEREADOR,HERNANDI CASTANHO DE MELLO,2,MASCULINO,8,SUPERIOR COMPLETO,-3,#NE#
210000029713,2012,88013,PORTO ALEGRE,13,VEREADOR,DEBORA MINOSSI MARTINEWSKI,4,FEMININO,6,ENSINO MÉDIO COMPLETO,-3,#NE#
210000032924,2012,88013,PORTO ALEGRE,13,VEREADOR,THIAGO JOSÉ VENTURA DE MATTOS,2,MASCULINO,7,SUPERIOR INCOMPLETO,-3,#NE#
210000000394,2012,88013,PORTO ALEGRE,13,VEREADOR,MARCELO SGARBOSSA,2,MASCULINO,8,SUPERIOR COMPLETO,-3,#NE#
210000000443,2012,88013,PORTO ALEGRE,13,VEREADOR,EDGAR OLIVEIRA MARTINS,2,MASCULINO,3,ENSINO FUNDAMENTAL INCOMPLETO,-3,#NE#
210000000997,2012,88013,PORTO ALEGRE,13,VEREADOR,JACY FRANCISCO DIAS DA SILVA,2,MASCULINO,6,ENSINO MÉDIO COMPLETO,-3,#NE#
210000010961,2012,88013,PORTO ALEGRE,13,VEREADOR,LUIS LUCIANO BUENO DA SILVA,2,MASCULINO,6,ENSINO MÉDIO COMPLETO,-3,#NE#
210000010654,2012,88013,PORTO ALEGRE,13,VEREADOR,VINICIUS DE ARAUJO PACHECO,2,MASCULINO,7,SUPERIOR INCOMPLETO,-3,#NE#
210000010926,2012,88013,PORTO ALEGRE,13,VEREADOR,CARLOS ALEXANDRE DA SILVEIRA DIAS,2,MASCULINO,8,SUPERIOR COMPLETO,-3,#NE#
210000001002,2012,88013,PORTO ALEGRE,13,VEREADOR,LUIZ CARLOS SEVERO DA SILVA,2,MASCULINO,8,SUPERIOR COMPLETO,-3,#NE#
210000000398,2012,88013,PORTO ALEGRE,13,VEREADOR,MAURO ROBERTO PINHEIRO,2,MASCULINO,7,SUPERIOR INCOMPLETO,-3,#NE#
210000029792,2012,88013,PORTO ALEGRE,13,VEREADOR,ISABEL NAIR D AVILA GREGIS,4,FEMININO,4,ENSINO FUNDAMENTAL COMPLETO,-3,#NE#
210000017154,2012,88013,PORTO ALEGRE,13,VEREADOR,ADI PEREIRA DE BRUM,4,FEMININO,8,SUPERIOR COMPLETO,-3,#NE#
210000001031,2012,88013,PORTO ALEGRE,13,VEREADOR,SILVIA SILVA BENEDETTI,4,FEMININO,8,SUPERIOR COMPLETO,-3,#NE#
210000010655,2012,88013,PORTO ALEGRE,13,VEREADOR,VIVIANE PUGENS,4,FEMININO,4,ENSINO FUNDAMENTAL COMPLETO,-3,#NE#
210000017172,2012,88013,PORTO ALEGRE,13,VEREADOR,JOSE GILBERTO MACHADO,2,MASCULINO,3,ENSINO FUNDAMENTAL INCOMPLETO,-3,#NE#
210000010652,2012,88013,PORTO ALEGRE,13,VEREADOR,VALNEY LUIZ VARGAS DA SILVA,2,MASCULINO,8,SUPERIOR COMPLETO,-3,#NE#
210000010596,2012,88013,PORTO ALEGRE,13,VEREADOR,ANDRÉ LUIS SOUZA DE MOURA,2,MASCULINO,8,SUPERIOR COMPLETO,-3,#NE#
210000010609,2012,88013,PORTO ALEGRE,13,VEREADOR,ELIAS SOUZA PINHEIRO,2,MASCULINO,3,ENSINO FUNDAMENTAL INCOMPLETO,-3,#NE#
210000001016,2012,88013,PORTO ALEGRE,13,VEREADOR,OTALICIO JUNIOR DA ROSA NUNES,2,MASCULINO,8,SUPERIOR COMPLETO,-3,#NE#
210000018690,2012,88013,PORTO ALEGRE,13,VEREADOR,PAULO DOS SANTOS,2,MASCULINO,6,ENSINO MÉDIO COMPLETO,-3,#NE#
210000000431,2012,88013,PORTO ALEGRE,13,VEREADOR,AGNELO FRANCISCO CHIODO,2,MASCULINO,8,SUPERIOR COMPLETO,-3,#NE#
210000010631,2012,88013,PORTO ALEGRE,13,VEREADOR,NARELLO ROMEO BOLZONI,2,MASCULINO,8,SUPERIOR COMPLETO,-3,#NE#
210000010930,2012,88013,PORTO ALEGRE,13,VEREADOR,CLAUDIO RENATO GUIMARÃES DA SILVA,2,MASCULINO,6,ENSINO MÉDIO COMPLETO,-3,#NE#
210000010634,2012,88013,PORTO ALEGRE,13,VEREADOR,OLGA TERESINHA CRUZ DE OLIVEIRA,4,FEMININO,6,ENSINO MÉDIO COMPLETO,-3,#NE#
210000017179,2012,88013,PORTO ALEGRE,13,VEREADOR,MARCELO SILVA BOBSIN,2,MASCULINO,6,ENSINO MÉDIO COMPLETO,-3,#NE#
210000000294,2012,88013,PORTO ALEGRE,13,VEREADOR,ANA ALICE FELBERMAYER CASTELLAN,4,FEMININO,8,SUPERIOR COMPLETO,-3,#NE#
210000000361,2012,88013,PORTO ALEGRE,13,VEREADOR,AIRTON DA SILVA BARBOSA,2,MASCULINO,4,ENSINO FUNDAMENTAL COMPLETO,-3,#NE#
210000017150,2012,88013,PORTO ALEGRE,11,PREFEITO,WAMBERT GOMES DI LORENZO,2,MASCULINO,8,SUPERIOR COMPLETO,-3,#NE#
210000033014,2012,88013,PORTO ALEGRE,13,VEREADOR,MARCO AURELIO SOARES CARATTI,2,MASCULINO,5,ENSINO MÉDIO INCOMPLETO,-3,#NE#
210000000390,2012,88013,PORTO ALEGRE,13,VEREADOR,LUCIANI MARIA DA SILVEIRA PONTES,4,FEMININO,5,ENSINO MÉDIO INCOMPLETO,-3,#NE#
210000000358,2012,88013,PORTO ALEGRE,13,VEREADOR,ADECIR BERLE,2,MASCULINO,6,ENSINO MÉDIO COMPLETO,-3,#NE#
210000010962,2012,88013,PORTO ALEGRE,13,VEREADOR,LUIZ OMAR DUARTE DO AMARAL,2,MASCULINO,5,ENSINO MÉDIO INCOMPLETO,-3,#NE#
210000000395,2012,88013,PORTO ALEGRE,13,VEREADOR,MARGARIDA DOS SANTOS GONÇALVES,4,FEMININO,6,ENSINO MÉDIO COMPLETO,-3,#NE#
210000000472,2012,88013,PORTO ALEGRE,13,VEREADOR,RAFAEL BERNARDO DE OLIVEIRA,2,MASCULINO,8,SUPERIOR COMPLETO,-3,#NE#
210000010636,2012,88013,PORTO ALEGRE,13,VEREADOR,PATRICIA ALMEIDA RODRIGUES,4,FEMININO,6,ENSINO MÉDIO COMPLETO,-3,#NE#
210000030585,2012,88013,PORTO ALEGRE,13,VEREADOR,LEONARDO BARBOSA DA SILVA FILHO,2,MASCULINO,6,ENSINO MÉDIO COMPLETO,-3,#NE#
210000018687,2012,88013,PORTO ALEGRE,13,VEREADOR,MARIA LUCIA SANT ANNA,4,FEMININO,6,ENSINO MÉDIO COMPLETO,-3,#NE#
210000010635,2012,88013,PORTO ALEGRE,13,VEREADOR,OLIVÉRIO NUNES BOLINA,2,MASCULINO,6,ENSINO MÉDIO COMPLETO,-3,#NE#
210000010594,2012,88013,PORTO ALEGRE,13,VEREADOR,AGNALDO MUNHOZ DE CAMARGO,2,MASCULINO,3,ENSINO FUNDAMENTAL INCOMPLETO,-3,#NE#
210000010971,2012,88013,PORTO ALEGRE,13,VEREADOR,MONICA LEAL MARKUSONS,4,FEMININO,8,SUPERIOR COMPLETO,-3,#NE#
210000018655,2012,88013,PORTO ALEGRE,13,VEREADOR,ARILTON SERAFIM CARDOSO,2,MASCULINO,6,ENSINO MÉDIO COMPLETO,-3,#NE#
210000028906,2012,88013,PORTO ALEGRE,13,VEREADOR,MANOEL AUGUSTO DE CASTRO BRASIL,2,MASCULINO,8,SUPERIOR COMPLETO,-3,#NE#
210000017180,2012,88013,PORTO ALEGRE,13,VEREADOR,MARGARETE GARCIA DA SILVEIRA,4,FEMININO,8,SUPERIOR COMPLETO,-3,#NE#
210000000982,2012,88013,PORTO ALEGRE,13,VEREADOR,ANDRÉ DE OLIVEIRA CARÚS,2,MASCULINO,8,SUPERIOR COMPLETO,-3,#NE#
210000000316,2012,88013,PORTO ALEGRE,13,VEREADOR,IARA DE LIMA FARIAS,4,FEMININO,6,ENSINO MÉDIO COMPLETO,-3,#NE#
210000010647,2012,88013,PORTO ALEGRE,13,VEREADOR,ROGÉRIO AMARAL,2,MASCULINO,7,SUPERIOR INCOMPLETO,-3,#NE#
210000029542,2012,88013,PORTO ALEGRE,13,VEREADOR,ANY MACHADO ORTIZ,4,FEMININO,8,SUPERIOR COMPLETO,-3,#NE#
210000028771,2012,88013,PORTO ALEGRE,13,VEREADOR,MARCELO LUIS VELHO CLARA,2,MASCULINO,5,ENSINO MÉDIO INCOMPLETO,-3,#NE#
210000018659,2012,88013,PORTO ALEGRE,13,VEREADOR,CHESTER VALACE BATISTA GUIMARAES,2,MASCULINO,8,SUPERIOR COMPLETO,-3,#NE#
210000010929,2012,88013,PORTO ALEGRE,13,VEREADOR,CHRISTOPHER BELCHIOR GOULART,2,MASCULINO,8,SUPERIOR COMPLETO,-3,#NE#
210000000327,2012,88013,PORTO ALEGRE,13,VEREADOR,LUIZ ANTONIO LIMA VALICENTI,2,MASCULINO,2,LÊ E ESCREVE,-3,#NE#
210000029806,2012,88013,PORTO ALEGRE,13,VEREADOR,JOSE TELVIO DE SOUZA,2,MASCULINO,4,ENSINO FUNDAMENTAL COMPLETO,-3,#NE#
210000017203,2012,88013,PORTO ALEGRE,13,VEREADOR,TARSILA RORATO CRUSIUS,4,FEMININO,8,SUPERIOR COMPLETO,-3,#NE#
210000010960,2012,88013,PORTO ALEGRE,13,VEREADOR,LUCIANO BRASILIENSE MARCANTONIO,2,MASCULINO,8,SUPERIOR COMPLETO,-3,#NE#
210000010921,2012,88013,PORTO ALEGRE,13,VEREADOR,ANTONIO CARLOS BUENO DOS SANTOS JUNIOR,2,MASCULINO,6,ENSINO MÉDIO COMPLETO,-3,#NE#
210000000471,2012,88013,PORTO ALEGRE,13,VEREADOR,PEDRO CLAUDIO PANDOLFO,2,MASCULINO,6,ENSINO MÉDIO COMPLETO,-3,#NE#
210000010986,2012,88013,PORTO ALEGRE,13,VEREADOR,THIAGO PEREIRA DUARTE,2,MASCULINO,8,SUPERIOR COMPLETO,-3,#NE#
210000030480,2012,88013,PORTO ALEGRE,13,VEREADOR,NEWTON AYALA QUEIRÓZ,2,MASCULINO,6,ENSINO MÉDIO COMPLETO,-3,#NE#
210000029716,2012,88013,PORTO ALEGRE,13,VEREADOR,LUCIANO PREVIATTI DE OLIVEIRA,2,MASCULINO,4,ENSINO FUNDAMENTAL COMPLETO,-3,#NE#
210000001017,2012,88013,PORTO ALEGRE,13,VEREADOR,PABLO FRAGA MENDES RIBEIRO,2,MASCULINO,8,SUPERIOR COMPLETO,-3,#NE#
210000000365,2012,88013,PORTO ALEGRE,13,VEREADOR,ANTONIO ADEMIR DE MORAES,2,MASCULINO,6,ENSINO MÉDIO COMPLETO,-3,#NE#
210000000992,2012,88013,PORTO ALEGRE,13,VEREADOR,FERNANDO BRIGIDI DE MELLO,2,MASCULINO,8,SUPERIOR COMPLETO,-3,#NE#
210000028795,2012,88013,PORTO ALEGRE,13,VEREADOR,ELCY MARQUES ALBERDANHA,2,MASCULINO,5,ENSINO MÉDIO INCOMPLETO,-3,#NE#
210000032917,2012,88013,PORTO ALEGRE,13,VEREADOR,ANDRÉ ÂNGELO BEHLE,2,MASCULINO,6,ENSINO MÉDIO COMPLETO,-3,#NE#
210000000473,2012,88013,PORTO ALEGRE,13,VEREADOR,ROBERTO DIMARI RODRIGUES,2,MASCULINO,6,ENSINO MÉDIO COMPLETO,-3,#NE#
210000001032,2012,88013,PORTO ALEGRE,13,VEREADOR,VALDIR RAUPP RAMOS,2,MASCULINO,4,ENSINO FUNDAMENTAL COMPLETO,-3,#NE#
210000017163,2012,88013,PORTO ALEGRE,13,VEREADOR,DIRNEI DA SILVA SEVERO,2,MASCULINO,6,ENSINO MÉDIO COMPLETO,-3,#NE#
210000010967,2012,88013,PORTO ALEGRE,13,VEREADOR,MARIA MANOELA NUNES,4,FEMININO,6,ENSINO MÉDIO COMPLETO,-3,#NE#
210000000315,2012,88013,PORTO ALEGRE,13,VEREADOR,GUSTAVO CHRISTIMANN RICHTER,2,MASCULINO,6,ENSINO MÉDIO COMPLETO,-3,#NE#
210000000437,2012,88013,PORTO ALEGRE,13,VEREADOR,CARLOS HENRIQUE GIAMBASTIANI CASARTELLI,2,MASCULINO,8,SUPERIOR COMPLETO,-3,#NE#
210000000462,2012,88013,PORTO ALEGRE,13,VEREADOR,MARY TAVARES MENDES,4,FEMININO,8,SUPERIOR COMPLETO,-3,#NE#
210000017158,2012,88013,PORTO ALEGRE,13,VEREADOR,BERNARDETE CECÍLIA LANZARIN DEL FABBRO,4,FEMININO,8,SUPERIOR COMPLETO,-3,#NE#
210000000448,2012,88013,PORTO ALEGRE,13,VEREADOR,FERNANDA CORREA KLINGNER,4,FEMININO,8,SUPERIOR COMPLETO,-3,#NE#
210000018692,2012,88013,PORTO ALEGRE,13,VEREADOR,PEDRO LUIZ FAGUNDES RUAS,2,MASCULINO,8,SUPERIOR COMPLETO,-3,#NE#
210000017183,2012,88013,PORTO ALEGRE,13,VEREADOR,MARLI TEREZINHA HECK,4,FEMININO,3,ENSINO FUNDAMENTAL INCOMPLETO,-3,#NE#
210000010970,2012,88013,PORTO ALEGRE,13,VEREADOR,MAURO CESAR ZACHER,2,MASCULINO,8,SUPERIOR COMPLETO,-3,#NE#
210000028624,2012,88013,PORTO ALEGRE,13,VEREADOR,MARIO BERND NETO,2,MASCULINO,8,SUPERIOR COMPLETO,-3,#NE#
210000017191,2012,88013,PORTO ALEGRE,13,VEREADOR,PAULO CESAR DA SILVA,2,MASCULINO,8,SUPERIOR COMPLETO,-3,#NE#
210000018651,2012,88013,PORTO ALEGRE,13,VEREADOR,ALCINO EVELASIO DA ROSA,2,MASCULINO,3,ENSINO FUNDAMENTAL INCOMPLETO,-3,#NE#
210000000300,2012,88013,PORTO ALEGRE,13,VEREADOR,BELONI RITZEL,4,FEMININO,6,ENSINO MÉDIO COMPLETO,-3,#NE#
210000017200,2012,88013,PORTO ALEGRE,13,VEREADOR,ROSELAINE MEDINA DA COSTA,4,FEMININO,6,ENSINO MÉDIO COMPLETO,-3,#NE#
210000028814,2012,88013,PORTO ALEGRE,13,VEREADOR,EDI WILSON JOSE DOS SANTOS,2,MASCULINO,4,ENSINO FUNDAMENTAL COMPLETO,-3,#NE#
210000000459,2012,88013,PORTO ALEGRE,13,VEREADOR,LEIA FRANCESLY FIALHO ASSENATO,4,FEMININO,8,SUPERIOR COMPLETO,-3,#NE#
210000010608,2012,88013,PORTO ALEGRE,13,VEREADOR,ELI NUNES DE FRAGA,2,MASCULINO,2,LÊ E ESCREVE,-3,#NE#
210000033018,2012,88013,PORTO ALEGRE,13,VEREADOR,VERA MARIA RODRIGUES DA SILVA,4,FEMININO,5,ENSINO MÉDIO INCOMPLETO,-3,#NE#
210000017186,2012,88013,PORTO ALEGRE,13,VEREADOR,NATANA PRAZER BATISTA,4,FEMININO,6,ENSINO MÉDIO COMPLETO,-3,#NE#
210000033010,2012,88013,PORTO ALEGRE,13,VEREADOR,LUIZ FELIPE MACHADO VILLANOVA,2,MASCULINO,8,SUPERIOR COMPLETO,-3,#NE#
210000000322,2012,88013,PORTO ALEGRE,13,VEREADOR,JOÃO DERLY DE OLIVEIRA NUNES JUNIOR,2,MASCULINO,7,SUPERIOR INCOMPLETO,-3,#NE#
210000010627,2012,88013,PORTO ALEGRE,13,VEREADOR,MARCO ANTÔNIO SANTOS DOS SANTOS,2,MASCULINO,6,ENSINO MÉDIO COMPLETO,-3,#NE#
210000028772,2012,88013,PORTO ALEGRE,13,VEREADOR,JORGE DOS SANTOS BAGESTEIRO,2,MASCULINO,7,SUPERIOR INCOMPLETO,-3,#NE#
210000010605,2012,88013,PORTO ALEGRE,13,VEREADOR,DANILO ALMEIDA SPERB,2,MASCULINO,7,SUPERIOR INCOMPLETO,-3,#NE#
210000000463,2012,88013,PORTO ALEGRE,13,VEREADOR,MÁRCIA HELENA DE SOUZA CHAVES,4,FEMININO,6,ENSINO MÉDIO COMPLETO,-3,#NE#
210000017177,2012,88013,PORTO ALEGRE,13,VEREADOR,LUIZ FERNANDO BRITO,2,MASCULINO,4,ENSINO FUNDAMENTAL COMPLETO,-3,#NE#
210000001011,2012,88013,PORTO ALEGRE,13,VEREADOR,MÁRCIA SIGAL,4,FEMININO,8,SUPERIOR COMPLETO,-3,#NE#
210000029987,2012,88013,PORTO ALEGRE,13,VEREADOR,SERGIO PANASUK,2,MASCULINO,6,ENSINO MÉDIO COMPLETO,-3,#NE#
210000029714,2012,88013,PORTO ALEGRE,13,VEREADOR,LUIS CARLOS RIBEIRO DA SILVA,2,MASCULINO,4,ENSINO FUNDAMENTAL COMPLETO,-3,#NE#
210000000319,2012,88013,PORTO ALEGRE,13,VEREADOR,JOSE ANTONIO DA SILVA BITENCOURT,2,MASCULINO,6,ENSINO MÉDIO COMPLETO,-3,#NE#
210000010983,2012,88013,PORTO ALEGRE,13,VEREADOR,SÉFORA FERNANDA GOMES DE ALMEIDA HERNANDES MOTA,4,FEMININO,8,SUPERIOR COMPLETO,-3,#NE#
210000001020,2012,88013,PORTO ALEGRE,13,VEREADOR,PAULO MARQUES DOS REIS,2,MASCULINO,8,SUPERIOR COMPLETO,-3,#NE#
210000031722,2012,88013,PORTO ALEGRE,13,VEREADOR,JORGE LUIZ LOPES COSTA,2,MASCULINO,7,SUPERIOR INCOMPLETO,-3,#NE#
210000018668,2012,88013,PORTO ALEGRE,13,VEREADOR,GERSON LUIS DA CUNHA,2,MASCULINO,8,SUPERIOR COMPLETO,-3,#NE#
210000010614,2012,88013,PORTO ALEGRE,13,VEREADOR,JAIR SOUZA DA SILVA,2,MASCULINO,6,ENSINO MÉDIO COMPLETO,-3,#NE#
210000010603,2012,88013,PORTO ALEGRE,13,VEREADOR,CASSIO SILVA MOREIRA,2,MASCULINO,8,SUPERIOR COMPLETO,-3,#NE#
210000010628,2012,88013,PORTO ALEGRE,13,VEREADOR,MARIA DE LOURDES DALLACORT ZAMPIERON,4,FEMININO,8,SUPERIOR COMPLETO,-3,#NE#
210000000347,2012,88013,PORTO ALEGRE,13,VEREADOR,SAMUEL SOARES VERGARA,2,MASCULINO,2,LÊ E ESCREVE,-3,#NE#
210000029543,2012,88013,PORTO ALEGRE,13,VEREADOR,LUIZ ANTONIO TARRAGÔ,2,MASCULINO,6,ENSINO MÉDIO COMPLETO,-3,#NE#
210000034001,2012,88013,PORTO ALEGRE,13,VEREADOR,ADALCIR BRUBACHER,2,MASCULINO,6,ENSINO MÉDIO COMPLETO,-3,#NE#
210000032996,2012,88013,PORTO ALEGRE,13,VEREADOR,IRACI SOPELSA,4,FEMININO,6,ENSINO MÉDIO COMPLETO,-3,#NE#
210000033011,2012,88013,PORTO ALEGRE,13,VEREADOR,LUIZ FILIPE VIEIRA CORRÊA DE OLIVEIRA,2,MASCULINO,8,SUPERIOR COMPLETO,-3,#NE#
210000000349,2012,88013,PORTO ALEGRE,13,VEREADOR,SUELI MARILENE DIHEL ERMEL,4,FEMININO,4,ENSINO FUNDAMENTAL COMPLETO,-3,#NE#
210000000306,2012,88013,PORTO ALEGRE,13,VEREADOR,DANIEL OLIVEIRA CRUZ,2,MASCULINO,8,SUPERIOR COMPLETO,-3,#NE#
210000000334,2012,88013,PORTO ALEGRE,13,VEREADOR,MARIA MARLENE DA SILVA,4,FEMININO,2,LÊ E ESCREVE,-3,#NE#
210000033003,2012,88013,PORTO ALEGRE,13,VEREADOR,JULIANA BRAMRAITER,4,FEMININO,8,SUPERIOR COMPLETO,-3,#NE#
210000028871,2012,88013,PORTO ALEGRE,13,VEREADOR,PATRICK ALESSANDRO EGGRES DALPAZ,2,MASCULINO,7,SUPERIOR INCOMPLETO,-3,#NE#
210000028625,2012,88013,PORTO ALEGRE,13,VEREADOR,EMERSON CORREA DA SILVA,2,MASCULINO,7,SUPERIOR INCOMPLETO,-3,#NE#
210000018691,2012,88013,PORTO ALEGRE,13,VEREADOR,PAULO VINICIUS RODRIGUES SILVA,2,MASCULINO,7,SUPERIOR INCOMPLETO,-3,#NE#
210000000387,2012,88013,PORTO ALEGRE,13,VEREADOR,JUBERLEI BAES BACELO,2,MASCULINO,7,SUPERIOR INCOMPLETO,-3,#NE#
210000000450,2012,88013,PORTO ALEGRE,13,VEREADOR,FILIPE RODENBUSCH TISBIEREK,2,MASCULINO,8,SUPERIOR COMPLETO,-3,#NE#
210000000362,2012,88013,PORTO ALEGRE,13,VEREADOR,ALBERTO LIEBLING KOPITTKE,2,MASCULINO,8,SUPERIOR COMPLETO,-3,#NE#
210000000298,2012,88013,PORTO ALEGRE,13,VEREADOR,ANGELA MARIA COMUNAL GOMES,4,FEMININO,6,ENSINO MÉDIO COMPLETO,-3,#NE#
210000000377,2012,88013,PORTO ALEGRE,13,VEREADOR,EDER LUÍS FARIAS,2,MASCULINO,6,ENSINO MÉDIO COMPLETO,-3,#NE#
210000000989,2012,88013,PORTO ALEGRE,13,VEREADOR,EDUARDO RAVA DE CAMPOS,2,MASCULINO,8,SUPERIOR COMPLETO,-3,#NE#
210000010937,2012,88013,PORTO ALEGRE,13,VEREADOR,EVA DOMINGAS DE SOUZA PIRES,4,FEMININO,6,ENSINO MÉDIO COMPLETO,-3,#NE#
210000000401,2012,88013,PORTO ALEGRE,13,VEREADOR,PAULO ROGÉRIO DE SIQUEIRA CORBETT,2,MASCULINO,7,SUPERIOR INCOMPLETO,-3,#NE#
210000000465,2012,88013,PORTO ALEGRE,13,VEREADOR,NARA BEATRIZ LOPES VIDAL,4,FEMININO,8,SUPERIOR COMPLETO,-3,#NE#
210000018658,2012,88013,PORTO ALEGRE,13,VEREADOR,CARLOS AUGUSTO PINTO DA SILVEIRA,2,MASCULINO,4,ENSINO FUNDAMENTAL COMPLETO,-3,#NE#
210000010622,2012,88013,PORTO ALEGRE,13,VEREADOR,LILINQUIEL FAGUNDES DOS SANTOS SOUZA,4,FEMININO,6,ENSINO MÉDIO COMPLETO,-3,#NE#
210000000985,2012,88013,PORTO ALEGRE,13,VEREADOR,CASSIANO NOIMANN LEAL,2,MASCULINO,8,SUPERIOR COMPLETO,-3,#NE#
210000017160,2012,88013,PORTO ALEGRE,13,VEREADOR,CARLOS ADÃO DA ROSA SILVA,2,MASCULINO,5,ENSINO MÉDIO INCOMPLETO,-3,#NE#
210000018688,2012,88013,PORTO ALEGRE,13,VEREADOR,MÔNICA ROMCY MOHR,4,FEMININO,6,ENSINO MÉDIO COMPLETO,-3,#NE#
210000032989,2012,88013,PORTO ALEGRE,13,VEREADOR,DENIS RAFAEL RATHMANN,2,MASCULINO,6,ENSINO MÉDIO COMPLETO,-3,#NE#
210000029986,2012,88013,PORTO ALEGRE,13,VEREADOR,OLETI ROLIN ALVES GOMES,4,FEMININO,8,SUPERIOR COMPLETO,-3,#NE#
210000018661,2012,88013,PORTO ALEGRE,13,VEREADOR,DIEGO WEIDEMANN RACHE VITELLO,2,MASCULINO,7,SUPERIOR INCOMPLETO,-3,#NE#
210000010629,2012,88013,PORTO ALEGRE,13,VEREADOR,MARIA HELENA FRANÇA,4,FEMININO,8,SUPERIOR COMPLETO,-3,#NE#
210000010945,2012,88013,PORTO ALEGRE,13,VEREADOR,JACQUES ALBERTO LEÃO DA SILVA,2,MASCULINO,5,ENSINO MÉDIO INCOMPLETO,-3,#NE#
210000010959,2012,88013,PORTO ALEGRE,13,VEREADOR,LUCIANE EVA MONTE MAIOR DA SILVA,4,FEMININO,7,SUPERIOR INCOMPLETO,-3,#NE#
210000000993,2012,88013,PORTO ALEGRE,13,VEREADOR,HAROLDO JOAQUIM DE SOUZA,2,MASCULINO,4,ENSINO FUNDAMENTAL COMPLETO,-3,#NE#
210000010638,2012,88013,PORTO ALEGRE,13,VEREADOR,PAULO ELISEO BAPTISTA DA SILVA,2,MASCULINO,6,ENSINO MÉDIO COMPLETO,-3,#NE#
210000001029,2012,88013,PORTO ALEGRE,13,VEREADOR,SANDRA REGINA DUTRA SERAFIM,4,FEMININO,4,ENSINO FUNDAMENTAL COMPLETO,-3,#NE#
210000000469,2012,88013,PORTO ALEGRE,13,VEREADOR,PAULO GONÇALVES,2,MASCULINO,4,ENSINO FUNDAMENTAL COMPLETO,-3,#NE#
210000029615,2012,88013,PORTO ALEGRE,13,VEREADOR,CAROLINA DA SILVA FERREIRA,4,FEMININO,7,SUPERIOR INCOMPLETO,-3,#NE#
210000032984,2012,88013,PORTO ALEGRE,13,VEREADOR,ANTÔNIO CARLOS BECKER,2,MASCULINO,7,SUPERIOR INCOMPLETO,-3,#NE#
210000032985,2012,88013,PORTO ALEGRE,13,VEREADOR,CARLOS AMILTO RODRIGUES TELLES,2,MASCULINO,3,ENSINO FUNDAMENTAL INCOMPLETO,-3,#NE#
210000034004,2012,88013,PORTO ALEGRE,13,VEREADOR,ANTONIO JULIO SOUZA VELHO,2,MASCULINO,8,SUPERIOR COMPLETO,-3,#NE#
210000000446,2012,88013,PORTO ALEGRE,13,VEREADOR,ELÓI FRANCISCO PEDROSO GUIMARÃES,2,MASCULINO,8,SUPERIOR COMPLETO,-3,#NE#
210000010920,2012,88013,PORTO ALEGRE,13,VEREADOR,ANTONIA ELISABETH POETA KROB,4,FEMININO,8,SUPERIOR COMPLETO,-3,#NE#
210000018675,2012,88013,PORTO ALEGRE,13,VEREADOR,JOCIMAR CARDOSO DE MELLO,2,MASCULINO,6,ENSINO MÉDIO COMPLETO,-3,#NE#
210000018672,2012,88013,PORTO ALEGRE,13,VEREADOR,HILDA ILHA RODRIGUES,4,FEMININO,4,ENSINO FUNDAMENTAL COMPLETO,-3,#NE#
210000018676,2012,88013,PORTO ALEGRE,13,VEREADOR,JORGE ANTONIO DOS SANTOS,2,MASCULINO,6,ENSINO MÉDIO COMPLETO,-3,#NE#
210000028985,2012,88013,PORTO ALEGRE,13,VEREADOR,MARCIO LUIS LIMA DOS SANTOS,2,MASCULINO,7,SUPERIOR INCOMPLETO,-3,#NE#
210000000984,2012,88013,PORTO ALEGRE,13,VEREADOR,CARLOS ALBERTO OLIVEIRA GARCIA,2,MASCULINO,8,SUPERIOR COMPLETO,-3,#NE#
210000029975,2012,88013,PORTO ALEGRE,13,VEREADOR,ALTANIR QUINTANA DA SILVA,2,MASCULINO,8,SUPERIOR COMPLETO,-3,#NE#
210000010460,2012,88013,PORTO ALEGRE,13,VEREADOR,MARCIA SOLANGE DA SILVA CASTRO,4,FEMININO,8,SUPERIOR COMPLETO,-3,#NE#
210000034021,2012,88013,PORTO ALEGRE,13,VEREADOR,TATIANA ARACI DOS SANTOS,4,FEMININO,5,ENSINO MÉDIO INCOMPLETO,-3,#NE#
210000000350,2012,88013,PORTO ALEGRE,13,VEREADOR,TADEU DE FREITAS PARAGUASSU,2,MASCULINO,7,SUPERIOR INCOMPLETO,-3,#NE#
210000033016,2012,88013,PORTO ALEGRE,13,VEREADOR,RAFAEL SALGADO DE MORAES,2,MASCULINO,7,SUPERIOR INCOMPLETO,-3,#NE#
210000001005,2012,88013,PORTO ALEGRE,13,VEREADOR,MARIA ANTONIETA SILVA DE FELIPPETTO,4,FEMININO,8,SUPERIOR COMPLETO,-3,#NE#
210000010646,2012,88013,PORTO ALEGRE,13,VEREADOR,ROBERTO NACHTIGALL,2,MASCULINO,8,SUPERIOR COMPLETO,-3,#NE#
210000010990,2012,88013,PORTO ALEGRE,13,VEREADOR,WALDIR CANAL,2,MASCULINO,8,SUPERIOR COMPLETO,-3,#NE#
210000028647,2012,88013,PORTO ALEGRE,13,VEREADOR,JOSÉ LUIS CORREA NOVAES,2,MASCULINO,8,SUPERIOR COMPLETO,-3,#NE#
210000000357,2012,88013,PORTO ALEGRE,13,VEREADOR,ABEL PEDRO FLORES BARRIA,2,MASCULINO,6,ENSINO MÉDIO COMPLETO,-3,#NE#
210000000435,2012,88013,PORTO ALEGRE,13,VEREADOR,ANTENOR FIGINI MACHADO LEAL,2,MASCULINO,6,ENSINO MÉDIO COMPLETO,-3,#NE#
210000000333,2012,88013,PORTO ALEGRE,13,VEREADOR,MARIA LUIZA SUAREZ MORAES,4,FEMININO,8,SUPERIOR COMPLETO,-3,#NE#
210000010607,2012,88013,PORTO ALEGRE,13,VEREADOR,DIEGO JACOBSEN NICKEL,2,MASCULINO,8,SUPERIOR COMPLETO,-3,#NE#
210000000432,2012,88013,PORTO ALEGRE,13,VEREADOR,ALCEU OLIVEIRA DA ROSA,2,MASCULINO,4,ENSINO FUNDAMENTAL COMPLETO,-3,#NE#
210000001026,2012,88013,PORTO ALEGRE,13,VEREADOR,ROZELI DA SILVA,4,FEMININO,4,ENSINO FUNDAMENTAL COMPLETO,-3,#NE#
210000017164,2012,88013,PORTO ALEGRE,13,VEREADOR,FABIANO DA SILVA MACHADO,2,MASCULINO,7,SUPERIOR INCOMPLETO,-3,#NE#
210000000483,2012,88013,PORTO ALEGRE,13,VEREADOR,WAGNER ELTZ SEELIG,2,MASCULINO,7,SUPERIOR INCOMPLETO,-3,#NE#
210000010975,2012,88013,PORTO ALEGRE,13,VEREADOR,PAULA BERLOWITZ DELGADO,4,FEMININO,5,ENSINO MÉDIO INCOMPLETO,-3,#NE#
210000010925,2012,88013,PORTO ALEGRE,13,VEREADOR,CARLA REGINA BARATA SFERRA,4,FEMININO,6,ENSINO MÉDIO COMPLETO,-3,#NE#
210000001027,2012,88013,PORTO ALEGRE,13,VEREADOR,RUBENVAL NUNES DA SILVA,2,MASCULINO,4,ENSINO FUNDAMENTAL COMPLETO,-3,#NE#
210000018664,2012,88013,PORTO ALEGRE,13,VEREADOR,ENILSON SCHEPFF GAMBARRA DA SILVA,2,MASCULINO,6,ENSINO MÉDIO COMPLETO,-3,#NE#
210000029977,2012,88013,PORTO ALEGRE,13,VEREADOR,CELESTE TERESA DA SILVA DUTRA,4,FEMININO,4,ENSINO FUNDAMENTAL COMPLETO,-3,#NE#
210000018694,2012,88013,PORTO ALEGRE,13,VEREADOR,SOLANGE CONCEIÇÃO STADLER NORMANN,4,FEMININO,6,ENSINO MÉDIO COMPLETO,-3,#NE#
210000010973,2012,88013,PORTO ALEGRE,13,VEREADOR,NELSON NEVES DE SOUZA,2,MASCULINO,6,ENSINO MÉDIO COMPLETO,-3,#NE#
210000018685,2012,88013,PORTO ALEGRE,13,VEREADOR,LUIZ ALBERTO OLIVEIRA RIBEIRO DE MIRANDA,2,MASCULINO,8,SUPERIOR COMPLETO,-3,#NE#
210000010625,2012,88013,PORTO ALEGRE,13,VEREADOR,MANOEL ANTONIO DA SILVA SANTOS,2,MASCULINO,6,ENSINO MÉDIO COMPLETO,-3,#NE#
210000000481,2012,88013,PORTO ALEGRE,13,VEREADOR,VANIUS GUARIGLIA,2,MASCULINO,8,SUPERIOR COMPLETO,-3,#NE#
210000010617,2012,88013,PORTO ALEGRE,13,VEREADOR,JORGE DA COSTA CORREA,2,MASCULINO,6,ENSINO MÉDIO COMPLETO,-3,#NE#
210000028889,2012,88013,PORTO ALEGRE,13,VEREADOR,EMIR OLIVEIRA DORNELES,2,MASCULINO,6,ENSINO MÉDIO COMPLETO,-3,#NE#
210000000470,2012,88013,PORTO ALEGRE,13,VEREADOR,PAULO JORGE AMARAL CARDOSO,2,MASCULINO,4,ENSINO FUNDAMENTAL COMPLETO,-3,#NE#
210000010656,2012,88013,PORTO ALEGRE,13,VEREADOR,ZAKEU FRAGA DOS SANTOS,2,MASCULINO,4,ENSINO FUNDAMENTAL COMPLETO,-3,#NE#
210000030171,2012,88013,PORTO ALEGRE,13,VEREADOR,ANDREIA SILVEIRA MACHADO,4,FEMININO,6,ENSINO MÉDIO COMPLETO,-3,#NE#
210000000447,2012,88013,PORTO ALEGRE,13,VEREADOR,ENILDA SANTOS DA SILVA,4,FEMININO,6,ENSINO MÉDIO COMPLETO,-3,#NE#
210000028648,2012,88013,PORTO ALEGRE,13,VEREADOR,GISELLE GUIMARÃES HUBBE,4,FEMININO,6,ENSINO MÉDIO COMPLETO,-3,#NE#
210000018681,2012,88013,PORTO ALEGRE,13,VEREADOR,LOIDEMAR BRIZOLA PIMENTEL,2,MASCULINO,7,SUPERIOR INCOMPLETO,-3,#NE#
210000000391,2012,88013,PORTO ALEGRE,13,VEREADOR,LUIZ ANTONIO PROENÇA FERNANDES,2,MASCULINO,6,ENSINO MÉDIO COMPLETO,-3,#NE#
210000028815,2012,88013,PORTO ALEGRE,13,VEREADOR,JOSE HELIO DA SILVA CESAR,2,MASCULINO,4,ENSINO FUNDAMENTAL COMPLETO,-3,#NE#
210000018682,2012,88013,PORTO ALEGRE,13,VEREADOR,LUCAS BONI MARÓSTICA,2,MASCULINO,7,SUPERIOR INCOMPLETO,-3,#NE#
210000032988,2012,88013,PORTO ALEGRE,13,VEREADOR,CHARLES ADRIANO MELO GUEDES,2,MASCULINO,8,SUPERIOR COMPLETO,-3,#NE#
210000010944,2012,88013,PORTO ALEGRE,13,VEREADOR,JACIRA PERDOMO CARDOSO,4,FEMININO,6,ENSINO MÉDIO COMPLETO,-3,#NE#
210000010950,2012,88013,PORTO ALEGRE,13,VEREADOR,JOSÉ AMARO AZEVEDO DE FREITAS,2,MASCULINO,8,SUPERIOR COMPLETO,-3,#NE#
210000010982,2012,88013,PORTO ALEGRE,13,VEREADOR,SERGIO LUIS MENDES FRAGA,2,MASCULINO,3,ENSINO FUNDAMENTAL INCOMPLETO,-3,#NE#
210000018686,2012,88013,PORTO ALEGRE,13,VEREADOR,LÚCIO BORGES BARCELOS,2,MASCULINO,8,SUPERIOR COMPLETO,-3,#NE#
210000028686,2012,88013,PORTO ALEGRE,13,VEREADOR,EDENILSON DAVI,2,MASCULINO,4,ENSINO FUNDAMENTAL COMPLETO,-3,#NE#
210000000364,2012,88013,PORTO ALEGRE,13,VEREADOR,ALINE DOS SANTOS LOPES,4,FEMININO,5,ENSINO MÉDIO INCOMPLETO,-3,#NE#
210000017175,2012,88013,PORTO ALEGRE,13,VEREADOR,LEANDRO DE CARVALHO GONÇALVES,2,MASCULINO,6,ENSINO MÉDIO COMPLETO,-3,#NE#
210000000307,2012,88013,PORTO ALEGRE,13,VEREADOR,DENISE LETICIA DOS SANTOS,4,FEMININO,6,ENSINO MÉDIO COMPLETO,-3,#NE#
210000035374,2012,88013,PORTO ALEGRE,13,VEREADOR,RITA DE CÁSSIA FONSECA,4,FEMININO,4,ENSINO FUNDAMENTAL COMPLETO,-3,#NE#
210000010948,2012,88013,PORTO ALEGRE,13,VEREADOR,JORGE LUIZ CUTY DA SILVA,2,MASCULINO,8,SUPERIOR COMPLETO,-3,#NE#
210000000466,2012,88013,PORTO ALEGRE,13,VEREADOR,NILO SERGIO SANTOS DOS SANTOS,2,MASCULINO,6,ENSINO MÉDIO COMPLETO,-3,#NE#
210000029758,2012,88013,PORTO ALEGRE,13,VEREADOR,JOSÉ CLAUDIO FREITAS CONCEIÇÃO,2,MASCULINO,8,SUPERIOR COMPLETO,-3,#NE#
210000000986,2012,88013,PORTO ALEGRE,13,VEREADOR,CLEVERSON TORGO ZANARDI,2,MASCULINO,8,SUPERIOR COMPLETO,-3,#NE#
210000035751,2012,88013,PORTO ALEGRE,13,VEREADOR,MARIA DA CONCEIÇÃO CASTRO FAGUNDES,4,FEMININO,8,SUPERIOR COMPLETO,-3,#NE#
210000010186,2012,88013,PORTO ALEGRE,11,PREFEITO,JOSÉ ALBERTO REUS FORTUNATI,2,MASCULINO,8,SUPERIOR COMPLETO,-3,#NE#
210000000439,2012,88013,PORTO ALEGRE,13,VEREADOR,CATARINA DE FÁTIMA OLIVEIRA,4,FEMININO,8,SUPERIOR COMPLETO,-3,#NE#
210000017194,2012,88013,PORTO ALEGRE,13,VEREADOR,PERICLES MACHADO DA SILVA,2,MASCULINO,4,ENSINO FUNDAMENTAL COMPLETO,-3,#NE#
210000033000,2012,88013,PORTO ALEGRE,13,VEREADOR,JOSE MAURO DE ABREU,2,MASCULINO,6,ENSINO MÉDIO COMPLETO,-3,#NE#
